stock|Description|similarStock|Company|Revenue 2024 (USD billion)
BXP||VNO|Vornado Realty Trust      |1.53
BXP||KIM|Kimco Realty Corp          |1.36
BXP||SLG|SL Green Realty Corp       |1.23
BXP||PGRE|Paramount Group, Inc.     |0.75
BXP||DEI|Douglas Emmett, Inc.       |0.45
BRO|To find similar stocks to BRO (Brown & Brown, Inc.), we'll look at other companies in the insurance industry. Here are the top five similar stocks, ranked by revenue in 2024:|MMC|Marsh & McLennan Companies, Inc.          |20.65
BRO|To find similar stocks to BRO (Brown & Brown, Inc.), we'll look at other companies in the insurance industry. Here are the top five similar stocks, ranked by revenue in 2024:|AON|Aon plc                                    |12.17
BRO|To find similar stocks to BRO (Brown & Brown, Inc.), we'll look at other companies in the insurance industry. Here are the top five similar stocks, ranked by revenue in 2024:|WTW|Willis Towers Watson Public Limited Company |9.22
BRO|To find similar stocks to BRO (Brown & Brown, Inc.), we'll look at other companies in the insurance industry. Here are the top five similar stocks, ranked by revenue in 2024:|AJG|Arthur J. Gallagher & Co.                 |8.18
BRO|To find similar stocks to BRO (Brown & Brown, Inc.), we'll look at other companies in the insurance industry. Here are the top five similar stocks, ranked by revenue in 2024:|CRY|Crye Precision                             |0.07
BMY|To find similar stocks to BMY, we can look at other pharmaceutical companies. Here are the top five similar stocks, ranked by revenue in 2024:|JNJ|Johnson & Johnson    |81.58
BMY|To find similar stocks to BMY, we can look at other pharmaceutical companies. Here are the top five similar stocks, ranked by revenue in 2024:|PFE|Pfizer Inc.          |81.29
BMY|To find similar stocks to BMY, we can look at other pharmaceutical companies. Here are the top five similar stocks, ranked by revenue in 2024:|MRK|Merck & Co.          |59.28
BMY|To find similar stocks to BMY, we can look at other pharmaceutical companies. Here are the top five similar stocks, ranked by revenue in 2024:|ABT|Abbott Laboratories  |43.65
BMY|To find similar stocks to BMY, we can look at other pharmaceutical companies. Here are the top five similar stocks, ranked by revenue in 2024:|LLY|Eli Lilly and Company|28.52
BSX|To suggest similar stocks to BSX, we will consider companies in the medical devices industry. Here are the top five similar stocks, ranked by revenue in 2024:|MDT|Medtronic plc                  |33.12
BSX|To suggest similar stocks to BSX, we will consider companies in the medical devices industry. Here are the top five similar stocks, ranked by revenue in 2024:|SYK|Stryker Corporation           |20.32
BSX|To suggest similar stocks to BSX, we will consider companies in the medical devices industry. Here are the top five similar stocks, ranked by revenue in 2024:|ISRG|Intuitive Surgical, Inc.      |7.13
BSX|To suggest similar stocks to BSX, we will consider companies in the medical devices industry. Here are the top five similar stocks, ranked by revenue in 2024:|EW|Edwards Lifesciences Corporation|6.58
BSX|To suggest similar stocks to BSX, we will consider companies in the medical devices industry. Here are the top five similar stocks, ranked by revenue in 2024:|ABMD|Abiomed, Inc.                 |1.43
BWA|To suggest similar stocks to your friends, I've compiled a list of the top five similar stocks to BWA, ranked by revenue in 2024. Please note that the revenue figures are projections and may not reflect the actual values.|LEA|Lear Corporation        |20.5
BWA|To suggest similar stocks to your friends, I've compiled a list of the top five similar stocks to BWA, ranked by revenue in 2024. Please note that the revenue figures are projections and may not reflect the actual values.|APTV|Aptiv PLC               |17.4
BWA|To suggest similar stocks to your friends, I've compiled a list of the top five similar stocks to BWA, ranked by revenue in 2024. Please note that the revenue figures are projections and may not reflect the actual values.|ALV|Autoliv Inc.            |8.5
BWA|To suggest similar stocks to your friends, I've compiled a list of the top five similar stocks to BWA, ranked by revenue in 2024. Please note that the revenue figures are projections and may not reflect the actual values.|GNRC|Generac Holdings Inc.  |4.3
BWA|To suggest similar stocks to your friends, I've compiled a list of the top five similar stocks to BWA, ranked by revenue in 2024. Please note that the revenue figures are projections and may not reflect the actual values.|DAN|Dana Incorporated      |3.7
BA|To find similar stocks to Boeing (BA), we'll consider the Aerospace and Defense industry. Here are the top five similar stocks ranked by revenue in 2024:|RTX|Raytheon Technologies |64.39
BA|To find similar stocks to Boeing (BA), we'll consider the Aerospace and Defense industry. Here are the top five similar stocks ranked by revenue in 2024:|LMT|Lockheed Martin |65.98
BA|To find similar stocks to Boeing (BA), we'll consider the Aerospace and Defense industry. Here are the top five similar stocks ranked by revenue in 2024:|NOC|Northrop Grumman |36.69
BA|To find similar stocks to Boeing (BA), we'll consider the Aerospace and Defense industry. Here are the top five similar stocks ranked by revenue in 2024:|GD|General Dynamics |39.41
BA|To find similar stocks to Boeing (BA), we'll consider the Aerospace and Defense industry. Here are the top five similar stocks ranked by revenue in 2024:|HII|Huntington Ingalls Industries |10.85
BA|To find similar stocks to Boeing (BA), we'll consider the Aerospace and Defense industry. Here are the top five similar stocks ranked by revenue in 2024:|LMT|Lockheed Martin |65.98
BA|To find similar stocks to Boeing (BA), we'll consider the Aerospace and Defense industry. Here are the top five similar stocks ranked by revenue in 2024:|RTX|Raytheon Technologies |64.39
BA|To find similar stocks to Boeing (BA), we'll consider the Aerospace and Defense industry. Here are the top five similar stocks ranked by revenue in 2024:|GD|General Dynamics |39.41
BA|To find similar stocks to Boeing (BA), we'll consider the Aerospace and Defense industry. Here are the top five similar stocks ranked by revenue in 2024:|NOC|Northrop Grumman |36.69
BA|To find similar stocks to Boeing (BA), we'll consider the Aerospace and Defense industry. Here are the top five similar stocks ranked by revenue in 2024:|HII|Huntington Ingalls Industries |10.85
BX|To find similar stocks to BX, we'll consider other companies in the same industry, which is Asset Management. Here are the top 5 similar stocks to BX, ranked by revenue in 2024:|BX|Blackstone Inc.               |24.15
BX|To find similar stocks to BX, we'll consider other companies in the same industry, which is Asset Management. Here are the top 5 similar stocks to BX, ranked by revenue in 2024:|KKR|KKR & Co. Inc.               |14.85
BX|To find similar stocks to BX, we'll consider other companies in the same industry, which is Asset Management. Here are the top 5 similar stocks to BX, ranked by revenue in 2024:|APO|Apollo Global Management Inc. |12.38
BX|To find similar stocks to BX, we'll consider other companies in the same industry, which is Asset Management. Here are the top 5 similar stocks to BX, ranked by revenue in 2024:|BXMT|Blackstone Mortgage Trust Inc.|1.43
BX|To find similar stocks to BX, we'll consider other companies in the same industry, which is Asset Management. Here are the top 5 similar stocks to BX, ranked by revenue in 2024:|ORCC|Owl Rock Capital Corporation |1.25
BLK|To find similar stocks to BLK, we can look at other companies in the financial services industry, specifically those involved in asset management and investment banking. Here are the top 5 similar stocks to BLK, ranked by revenue in 2024:|JPM|JPMorgan Chase & Co.          |128.7
BLK|To find similar stocks to BLK, we can look at other companies in the financial services industry, specifically those involved in asset management and investment banking. Here are the top 5 similar stocks to BLK, ranked by revenue in 2024:|BAC|Bank of America Corp.          |102.1
BLK|To find similar stocks to BLK, we can look at other companies in the financial services industry, specifically those involved in asset management and investment banking. Here are the top 5 similar stocks to BLK, ranked by revenue in 2024:|WFC|Wells Fargo & Co.             |93.7
BLK|To find similar stocks to BLK, we can look at other companies in the financial services industry, specifically those involved in asset management and investment banking. Here are the top 5 similar stocks to BLK, ranked by revenue in 2024:|GS|The Goldman Sachs Group, Inc. |63.7
BLK|To find similar stocks to BLK, we can look at other companies in the financial services industry, specifically those involved in asset management and investment banking. Here are the top 5 similar stocks to BLK, ranked by revenue in 2024:|MS|Morgan Stanley                |59.8
BBY|To suggest similar stocks to your friends, I've compiled a list of the top five similar stocks to BBY based on their revenue in 2024. The similar stocks are in the retail industry, specifically in the electronics and appliances sector.|WMT|Walmart Inc.      |572.75
BBY|To suggest similar stocks to your friends, I've compiled a list of the top five similar stocks to BBY based on their revenue in 2024. The similar stocks are in the retail industry, specifically in the electronics and appliances sector.|TGT|Target Corp.      |106.99
BBY|To suggest similar stocks to your friends, I've compiled a list of the top five similar stocks to BBY based on their revenue in 2024. The similar stocks are in the retail industry, specifically in the electronics and appliances sector.|GME|GameStop Corp.    |5.37
BBY|To suggest similar stocks to your friends, I've compiled a list of the top five similar stocks to BBY based on their revenue in 2024. The similar stocks are in the retail industry, specifically in the electronics and appliances sector.|HHGGY|HHGregg Inc.      |1.85
BBY|To suggest similar stocks to your friends, I've compiled a list of the top five similar stocks to BBY based on their revenue in 2024. The similar stocks are in the retail industry, specifically in the electronics and appliances sector.|CONN|Conns Inc.        |1.43
BDX|To find similar stocks to BDX, we'll look at companies in the medical devices and equipment industry. Here are the top five similar stocks, ranked by revenue in 2024:|ABT|Abbott Laboratories            |43.65
BDX|To find similar stocks to BDX, we'll look at companies in the medical devices and equipment industry. Here are the top five similar stocks, ranked by revenue in 2024:|SYK|Stryker Corporation            |20.32
BDX|To find similar stocks to BDX, we'll look at companies in the medical devices and equipment industry. Here are the top five similar stocks, ranked by revenue in 2024:|BSX|Boston Scientific Corporation  |14.52
BDX|To find similar stocks to BDX, we'll look at companies in the medical devices and equipment industry. Here are the top five similar stocks, ranked by revenue in 2024:|EW|Edwards Lifesciences Corporation|7.55
BDX|To find similar stocks to BDX, we'll look at companies in the medical devices and equipment industry. Here are the top five similar stocks, ranked by revenue in 2024:|ISRG|Intuitive Surgical, Inc.      |7.13
BAX|To find similar stocks to BAX, we'll look at companies in the same industry, which is Healthcare, specifically Medical Devices. Here are the top five similar stocks to BAX, ranked by their revenue in 2024:|MDT|Medtronic plc                  |32.67
BAX|To find similar stocks to BAX, we'll look at companies in the same industry, which is Healthcare, specifically Medical Devices. Here are the top five similar stocks to BAX, ranked by their revenue in 2024:|BAX|Baxter International Inc.     |14.35
BAX|To find similar stocks to BAX, we'll look at companies in the same industry, which is Healthcare, specifically Medical Devices. Here are the top five similar stocks to BAX, ranked by their revenue in 2024:|BSX|Boston Scientific Corporation  |12.85
BAX|To find similar stocks to BAX, we'll look at companies in the same industry, which is Healthcare, specifically Medical Devices. Here are the top five similar stocks to BAX, ranked by their revenue in 2024:|ISRG|Intuitive Surgical, Inc.      |7.05
BAX|To find similar stocks to BAX, we'll look at companies in the same industry, which is Healthcare, specifically Medical Devices. Here are the top five similar stocks to BAX, ranked by their revenue in 2024:|EW|Edwards Lifesciences Corporation|6.35
BAC|To find similar stocks to BAC, we'll consider other major banks in the United States. Here are the top five similar stocks ranked by revenue in 2024:|JPM|JPMorgan Chase  |124.33
BAC|To find similar stocks to BAC, we'll consider other major banks in the United States. Here are the top five similar stocks ranked by revenue in 2024:|WFC|Wells Fargo     |103.92
BAC|To find similar stocks to BAC, we'll consider other major banks in the United States. Here are the top five similar stocks ranked by revenue in 2024:|C|Citigroup        |82.43
BAC|To find similar stocks to BAC, we'll consider other major banks in the United States. Here are the top five similar stocks ranked by revenue in 2024:|GS|Goldman Sachs   |59.32
BAC|To find similar stocks to BAC, we'll consider other major banks in the United States. Here are the top five similar stocks ranked by revenue in 2024:|MS|Morgan Stanley   |53.69
BALL|To provide you with similar stocks to BALL (Ball Corporation), I've compiled a list of the top five similar stocks in the packaging and containers industry, ranked by their revenue in 2024. Please note that the revenue figures are estimates and may not reflect the actual values.|CCK|Crown Holdings, Inc.         |11.43
BALL|To provide you with similar stocks to BALL (Ball Corporation), I've compiled a list of the top five similar stocks in the packaging and containers industry, ranked by their revenue in 2024. Please note that the revenue figures are estimates and may not reflect the actual values.|PKG|Packaging Corporation of America |8.45
BALL|To provide you with similar stocks to BALL (Ball Corporation), I've compiled a list of the top five similar stocks in the packaging and containers industry, ranked by their revenue in 2024. Please note that the revenue figures are estimates and may not reflect the actual values.|SLGN|Silgan Holdings Inc.         |6.34
BALL|To provide you with similar stocks to BALL (Ball Corporation), I've compiled a list of the top five similar stocks in the packaging and containers industry, ranked by their revenue in 2024. Please note that the revenue figures are estimates and may not reflect the actual values.|SEE|Sealed Air Corporation       |5.54
BALL|To provide you with similar stocks to BALL (Ball Corporation), I've compiled a list of the top five similar stocks in the packaging and containers industry, ranked by their revenue in 2024. Please note that the revenue figures are estimates and may not reflect the actual values.|IPAR|Inter Parfums, Inc.           |1.23
AVY||IP|International Paper Company      |23.26
AVY||BLL|Ball Corporation                 |14.55
AVY||SEE|Sealed Air Corporation           |5.37
AVY||PKG|Packaging Corporation of America  |8.13
AVY||WWW|Wolverine World Wide             |2.55
AVB|To find similar stocks to AVB, we'll consider other companies in the Real Estate Investment Trust (REIT) sector, specifically those that focus on residential properties. Here are the top five similar stocks to AVB, ranked by revenue in 2024:|VTR|Ventas, Inc.                              |4.83
AVB|To find similar stocks to AVB, we'll consider other companies in the Real Estate Investment Trust (REIT) sector, specifically those that focus on residential properties. Here are the top five similar stocks to AVB, ranked by revenue in 2024:|EQR|Equity Residential                       |2.64
AVB|To find similar stocks to AVB, we'll consider other companies in the Real Estate Investment Trust (REIT) sector, specifically those that focus on residential properties. Here are the top five similar stocks to AVB, ranked by revenue in 2024:|INVH|Invitation Homes Inc.                     |1.93
AVB|To find similar stocks to AVB, we'll consider other companies in the Real Estate Investment Trust (REIT) sector, specifically those that focus on residential properties. Here are the top five similar stocks to AVB, ranked by revenue in 2024:|MAA|Mid-America Apartment Communities, Inc.  |1.64
AVB|To find similar stocks to AVB, we'll consider other companies in the Real Estate Investment Trust (REIT) sector, specifically those that focus on residential properties. Here are the top five similar stocks to AVB, ranked by revenue in 2024:|UDR|UDR, Inc.                                 |1.43
AZO|To find similar stocks to AutoZone (AZO), we can look at companies in the same industry, such as automotive retailers and wholesalers. Here are the top five similar stocks to AZO, ranked by revenue in 2024:|LAD|Lithia Motors         |34.6
AZO|To find similar stocks to AutoZone (AZO), we can look at companies in the same industry, such as automotive retailers and wholesalers. Here are the top five similar stocks to AZO, ranked by revenue in 2024:|KMX|CarMax                |31.9
AZO|To find similar stocks to AutoZone (AZO), we can look at companies in the same industry, such as automotive retailers and wholesalers. Here are the top five similar stocks to AZO, ranked by revenue in 2024:|GPC|Genuine Parts Company |23.6
AZO|To find similar stocks to AutoZone (AZO), we can look at companies in the same industry, such as automotive retailers and wholesalers. Here are the top five similar stocks to AZO, ranked by revenue in 2024:|ORELL|O'Reilly Automotive  |14.1
AZO|To find similar stocks to AutoZone (AZO), we can look at companies in the same industry, such as automotive retailers and wholesalers. Here are the top five similar stocks to AZO, ranked by revenue in 2024:|AAP|Advance Auto Parts    |12.8
ATO|To find similar stocks to ATO, we will consider other companies in the Utility sector. Here are the top five similar stocks, ranked by revenue in 2024:|NGG|National Grid plc              |20.14
ATO|To find similar stocks to ATO, we will consider other companies in the Utility sector. Here are the top five similar stocks, ranked by revenue in 2024:|ED|Consolidated Edison, Inc.      |14.11
ATO|To find similar stocks to ATO, we will consider other companies in the Utility sector. Here are the top five similar stocks, ranked by revenue in 2024:|D|Dominion Energy, Inc.          |17.17
ATO|To find similar stocks to ATO, we will consider other companies in the Utility sector. Here are the top five similar stocks, ranked by revenue in 2024:|WEC|WEC Energy Group, Inc.         |8.32
ATO|To find similar stocks to ATO, we will consider other companies in the Utility sector. Here are the top five similar stocks, ranked by revenue in 2024:|ATO|Atmos Energy Corporation      |4.36
ATO|To find similar stocks to ATO, we will consider other companies in the Utility sector. Here are the top five similar stocks, ranked by revenue in 2024:|NFG|National Fuel Gas Company     |2.44
ATO|To find similar stocks to ATO, we will consider other companies in the Utility sector. Here are the top five similar stocks, ranked by revenue in 2024:|NGG|National Grid plc              |20.14
ATO|To find similar stocks to ATO, we will consider other companies in the Utility sector. Here are the top five similar stocks, ranked by revenue in 2024:|D|Dominion Energy, Inc.          |17.17
ATO|To find similar stocks to ATO, we will consider other companies in the Utility sector. Here are the top five similar stocks, ranked by revenue in 2024:|ED|Consolidated Edison, Inc.      |14.11
ATO|To find similar stocks to ATO, we will consider other companies in the Utility sector. Here are the top five similar stocks, ranked by revenue in 2024:|WEC|WEC Energy Group, Inc.         |8.32
ATO|To find similar stocks to ATO, we will consider other companies in the Utility sector. Here are the top five similar stocks, ranked by revenue in 2024:|ATO|Atmos Energy Corporation      |4.36
ATO|To find similar stocks to ATO, we will consider other companies in the Utility sector. Here are the top five similar stocks, ranked by revenue in 2024:|NGG|National Grid plc              |20.14
ATO|To find similar stocks to ATO, we will consider other companies in the Utility sector. Here are the top five similar stocks, ranked by revenue in 2024:|D|Dominion Energy, Inc.          |17.17
ATO|To find similar stocks to ATO, we will consider other companies in the Utility sector. Here are the top five similar stocks, ranked by revenue in 2024:|ED|Consolidated Edison, Inc.      |14.11
ATO|To find similar stocks to ATO, we will consider other companies in the Utility sector. Here are the top five similar stocks, ranked by revenue in 2024:|WEC|WEC Energy Group, Inc.         |8.32
ATO|To find similar stocks to ATO, we will consider other companies in the Utility sector. Here are the top five similar stocks, ranked by revenue in 2024:|ATO|Atmos Energy Corporation      |4.36
AIZ|To find similar stocks to AIZ, we'll look at other companies in the insurance industry. Here are the top five similar stocks, ranked by revenue in 2024:|PRU|Prudential Financial, Inc. |83.79
AIZ|To find similar stocks to AIZ, we'll look at other companies in the insurance industry. Here are the top five similar stocks, ranked by revenue in 2024:|MET|MetLife, Inc.              |69.77
AIZ|To find similar stocks to AIZ, we'll look at other companies in the insurance industry. Here are the top five similar stocks, ranked by revenue in 2024:|AFL|Aflac Incorporated         |24.63
AIZ|To find similar stocks to AIZ, we'll look at other companies in the insurance industry. Here are the top five similar stocks, ranked by revenue in 2024:|LNC|Lincoln National Corporation |20.42
AIZ|To find similar stocks to AIZ, we'll look at other companies in the insurance industry. Here are the top five similar stocks, ranked by revenue in 2024:|UNM|Unum Group                 |13.74
AJG|To find similar stocks to AJG, we'll look at other companies in the insurance brokerage and consulting industry. Here are the top five similar stocks, ranked by revenue in 2024:|MMC|Marsh & McLennan Companies |19.82
AJG|To find similar stocks to AJG, we'll look at other companies in the insurance brokerage and consulting industry. Here are the top five similar stocks, ranked by revenue in 2024:|AON|Aon plc                   |14.21
AJG|To find similar stocks to AJG, we'll look at other companies in the insurance brokerage and consulting industry. Here are the top five similar stocks, ranked by revenue in 2024:|WTW|Willis Towers Watson      |9.45
AJG|To find similar stocks to AJG, we'll look at other companies in the insurance brokerage and consulting industry. Here are the top five similar stocks, ranked by revenue in 2024:|HBAN|Huntington Bancshares     |6.83
ACGL|To find similar stocks to ACGL, we'll look at other companies in the insurance industry. Here are the top five similar stocks, ranked by revenue in 2024:|CB|Chubb Limited                    |45.88
ACGL|To find similar stocks to ACGL, we'll look at other companies in the insurance industry. Here are the top five similar stocks, ranked by revenue in 2024:|ALL|Allstate Corporation            |44.68
ACGL|To find similar stocks to ACGL, we'll look at other companies in the insurance industry. Here are the top five similar stocks, ranked by revenue in 2024:|TRV|The Travelers Companies, Inc.    |36.88
ACGL|To find similar stocks to ACGL, we'll look at other companies in the insurance industry. Here are the top five similar stocks, ranked by revenue in 2024:|WRB|W.R. Berkley Corporation         |10.43
ACGL|To find similar stocks to ACGL, we'll look at other companies in the insurance industry. Here are the top five similar stocks, ranked by revenue in 2024:|AXS|AXIS Capital Holdings Limited   |6.83
APA|To find similar stocks to APA (Apache Corporation), I'll provide you with the top five similar stocks in the energy sector, ranked by their revenue in 2024.|OXY|Occidental Petroleum     |43.85
APA|To find similar stocks to APA (Apache Corporation), I'll provide you with the top five similar stocks in the energy sector, ranked by their revenue in 2024.|HLT|Hilton Worldwide Holdings|41.23
APA|To find similar stocks to APA (Apache Corporation), I'll provide you with the top five similar stocks in the energy sector, ranked by their revenue in 2024.|VAL|Valaris Limited          |39.15
APA|To find similar stocks to APA (Apache Corporation), I'll provide you with the top five similar stocks in the energy sector, ranked by their revenue in 2024.|NBL|Noble Energy             |38.45
APA|To find similar stocks to APA (Apache Corporation), I'll provide you with the top five similar stocks in the energy sector, ranked by their revenue in 2024.|MRO|Marathon Oil Corporation |37.65
ADI|To find similar stocks to ADI, we'll consider other companies in the semiconductor industry. Here are the top five similar stocks, ranked by revenue in 2024:|INTC|Intel Corporation                 |79.02
ADI|To find similar stocks to ADI, we'll consider other companies in the semiconductor industry. Here are the top five similar stocks, ranked by revenue in 2024:|QCOM|Qualcomm Incorporated             |44.2
ADI|To find similar stocks to ADI, we'll consider other companies in the semiconductor industry. Here are the top five similar stocks, ranked by revenue in 2024:|TXN|Texas Instruments Incorporated    |20.13
ADI|To find similar stocks to ADI, we'll consider other companies in the semiconductor industry. Here are the top five similar stocks, ranked by revenue in 2024:|ON|ON Semiconductor Corporation    |9.44
ADI|To find similar stocks to ADI, we'll consider other companies in the semiconductor industry. Here are the top five similar stocks, ranked by revenue in 2024:|MXIM|Maxim Integrated Products, Inc. |5.35
AMGN|To find similar stocks to AMGN, we'll consider companies in the biotechnology industry. Here are the top five similar stocks, ranked by revenue in 2024:|GILD|Gilead Sciences Inc.           |24.57
AMGN|To find similar stocks to AMGN, we'll consider companies in the biotechnology industry. Here are the top five similar stocks, ranked by revenue in 2024:|REGN|Regeneron Pharmaceuticals Inc. |12.17
AMGN|To find similar stocks to AMGN, we'll consider companies in the biotechnology industry. Here are the top five similar stocks, ranked by revenue in 2024:|BIIB|Biogen Inc.                    |10.34
AMGN|To find similar stocks to AMGN, we'll consider companies in the biotechnology industry. Here are the top five similar stocks, ranked by revenue in 2024:|VRTX|Vertex Pharmaceuticals Inc.   |8.29
AMGN|To find similar stocks to AMGN, we'll consider companies in the biotechnology industry. Here are the top five similar stocks, ranked by revenue in 2024:|ALNY|Alnylam Pharmaceuticals Inc.   |2.45
AME||APH|Amphenol Corporation (Peer) |8.15
AME||JBL|Jabil Inc. |7.33
AME||FLEX|Flex Ltd. |6.55
AME||TTM|TTM Technologies, Inc. |2.43
AME||SATS|EchoStar Corporation |2.23
AMP|To find similar stocks to AMP (Ameriprise Financial, Inc.), we'll look at other companies in the financial services industry. Here are the top five similar stocks to AMP, ranked by revenue in 2024:|BLK|BlackRock, Inc.                |18.32
AMP|To find similar stocks to AMP (Ameriprise Financial, Inc.), we'll look at other companies in the financial services industry. Here are the top five similar stocks to AMP, ranked by revenue in 2024:|STT|State Street Corporation     |12.15
AMP|To find similar stocks to AMP (Ameriprise Financial, Inc.), we'll look at other companies in the financial services industry. Here are the top five similar stocks to AMP, ranked by revenue in 2024:|TROW|T. Rowe Price Group, Inc.     |7.35
AMP|To find similar stocks to AMP (Ameriprise Financial, Inc.), we'll look at other companies in the financial services industry. Here are the top five similar stocks to AMP, ranked by revenue in 2024:|BEN|Franklin Resources, Inc.      |6.41
AMP|To find similar stocks to AMP (Ameriprise Financial, Inc.), we'll look at other companies in the financial services industry. Here are the top five similar stocks to AMP, ranked by revenue in 2024:|LM|Legg Mason, Inc.              |3.84
AMT|Based on the industry and business model, here are the top five similar stocks to AMT, ranked by revenue in 2024:|PLD|Prologis, Inc.                      |8.35
AMT|Based on the industry and business model, here are the top five similar stocks to AMT, ranked by revenue in 2024:|CCI|Crown Castle International Corp     |6.38
AMT|Based on the industry and business model, here are the top five similar stocks to AMT, ranked by revenue in 2024:|DLR|Digital Realty Trust, Inc.          |6.15
AMT|Based on the industry and business model, here are the top five similar stocks to AMT, ranked by revenue in 2024:|SBAC|SBA Communications Corporation       |6.23
AMT|Based on the industry and business model, here are the top five similar stocks to AMT, ranked by revenue in 2024:|IRM|Iron Mountain Incorporated           |5.49
AXP|To find similar stocks to American Express (AXP), we can look at other companies in the financial services industry, particularly those that offer credit card services, payment processing, and other related financial products.|COF|Capital One Financial Corporation  |34.65
AXP|To find similar stocks to American Express (AXP), we can look at other companies in the financial services industry, particularly those that offer credit card services, payment processing, and other related financial products.|V|Visa Inc.                          |29.31
AXP|To find similar stocks to American Express (AXP), we can look at other companies in the financial services industry, particularly those that offer credit card services, payment processing, and other related financial products.|MA|Mastercard Incorporated             |22.23
AXP|To find similar stocks to American Express (AXP), we can look at other companies in the financial services industry, particularly those that offer credit card services, payment processing, and other related financial products.|DFS|Discover Financial Services         |14.91
AXP|To find similar stocks to American Express (AXP), we can look at other companies in the financial services industry, particularly those that offer credit card services, payment processing, and other related financial products.|SYF|Synchrony Financial                 |13.42
AEE|To find similar stocks to AEE, we'll consider other utility companies in the energy sector. Here are the top five similar stocks to AEE, ranked by revenue in 2024:|NEE|NextEra Energy, Inc.        |61.66
AEE|To find similar stocks to AEE, we'll consider other utility companies in the energy sector. Here are the top five similar stocks to AEE, ranked by revenue in 2024:|EXC|Exelon Corporation          |34.26
AEE|To find similar stocks to AEE, we'll consider other utility companies in the energy sector. Here are the top five similar stocks to AEE, ranked by revenue in 2024:|D|Dominion Energy, Inc.       |17.19
AEE|To find similar stocks to AEE, we'll consider other utility companies in the energy sector. Here are the top five similar stocks to AEE, ranked by revenue in 2024:|ED|Consolidated Edison, Inc.    |13.52
AEE|To find similar stocks to AEE, we'll consider other utility companies in the energy sector. Here are the top five similar stocks to AEE, ranked by revenue in 2024:|AES|The AES Corporation          |12.59
AMCR|To find similar stocks to AMCR, we'll consider companies in the same industry, which is packaging and containers. Here are the top five similar stocks to AMCR, ranked by revenue in 2024:|IP|International Paper Company       |21.38
AMCR|To find similar stocks to AMCR, we'll consider companies in the same industry, which is packaging and containers. Here are the top five similar stocks to AMCR, ranked by revenue in 2024:|WRK|WestRock Company                  |13.58
AMCR|To find similar stocks to AMCR, we'll consider companies in the same industry, which is packaging and containers. Here are the top five similar stocks to AMCR, ranked by revenue in 2024:|PKG|Packaging Corporation of America |7.58
AMCR|To find similar stocks to AMCR, we'll consider companies in the same industry, which is packaging and containers. Here are the top five similar stocks to AMCR, ranked by revenue in 2024:|SON|Sonoco Products Company           |5.63
AMCR|To find similar stocks to AMCR, we'll consider companies in the same industry, which is packaging and containers. Here are the top five similar stocks to AMCR, ranked by revenue in 2024:|SEE|Sealed Air Corporation            |5.53
AMZN|To find similar stocks to AMZN (Amazon), we'll consider companies in the e-commerce, technology, and retail industries. Here are the top five similar stocks to AMZN, ranked by revenue in 2024:|WMT|Walmart Inc.                    |572.75
AMZN|To find similar stocks to AMZN (Amazon), we'll consider companies in the e-commerce, technology, and retail industries. Here are the top five similar stocks to AMZN, ranked by revenue in 2024:|BABA|Alibaba Group Holding Limited    |242.56
AMZN|To find similar stocks to AMZN (Amazon), we'll consider companies in the e-commerce, technology, and retail industries. Here are the top five similar stocks to AMZN, ranked by revenue in 2024:|JD|JD.com, Inc.                     |120.46
AMZN|To find similar stocks to AMZN (Amazon), we'll consider companies in the e-commerce, technology, and retail industries. Here are the top five similar stocks to AMZN, ranked by revenue in 2024:|TGT|Target Corporation              |109.12
AMZN|To find similar stocks to AMZN (Amazon), we'll consider companies in the e-commerce, technology, and retail industries. Here are the top five similar stocks to AMZN, ranked by revenue in 2024:|EBAY|eBay Inc.                        |9.59
ALL||TRV|The Travelers Companies, Inc.                 |41.92
ALL||CB|Chubb Limited                                 |40.55
ALL||PGR|Progressive Corporation                      |38.42
ALL||HIG|The Hartford Financial Services Group, Inc.  |22.32
ALL||XL|XL Group Ltd                                  |17.15
LNT|To find similar stocks to LNT, we'll consider companies in the same industry (Utilities) and with similar market capitalization. Here are the top 5 similar stocks to LNT, ranked by revenue in 2024:|NEE|NextEra Energy, Inc.           |24.44
LNT|To find similar stocks to LNT, we'll consider companies in the same industry (Utilities) and with similar market capitalization. Here are the top 5 similar stocks to LNT, ranked by revenue in 2024:|D|Dominion Energy, Inc.           |18.72
LNT|To find similar stocks to LNT, we'll consider companies in the same industry (Utilities) and with similar market capitalization. Here are the top 5 similar stocks to LNT, ranked by revenue in 2024:|ED|Consolidated Edison, Inc.       |17.47
LNT|To find similar stocks to LNT, we'll consider companies in the same industry (Utilities) and with similar market capitalization. Here are the top 5 similar stocks to LNT, ranked by revenue in 2024:|ES|Essex Corporation              |16.24
LNT|To find similar stocks to LNT, we'll consider companies in the same industry (Utilities) and with similar market capitalization. Here are the top 5 similar stocks to LNT, ranked by revenue in 2024:|FE|FirstEnergy Corp.               |13.56
ALL|To suggest similar stocks to ALL (Alleghany Corporation), we need to look at companies in the same industry. Alleghany Corporation is a holding company that operates in the insurance and reinsurance sector.|TRV|The Travelers Companies, Inc.               |43.91
ALL|To suggest similar stocks to ALL (Alleghany Corporation), we need to look at companies in the same industry. Alleghany Corporation is a holding company that operates in the insurance and reinsurance sector.|MMC|Marsh & McLennan Companies, Inc.            |20.69
ALL|To suggest similar stocks to ALL (Alleghany Corporation), we need to look at companies in the same industry. Alleghany Corporation is a holding company that operates in the insurance and reinsurance sector.|RE|Everest Re Group, Ltd.                     |14.13
ALL|To suggest similar stocks to ALL (Alleghany Corporation), we need to look at companies in the same industry. Alleghany Corporation is a holding company that operates in the insurance and reinsurance sector.|AJG|Arthur J. Gallagher & Co.                   |8.35
ARE|Based on the stock ticker ARE (Alexandria Real Estate Equities), here are the top five similar stocks in the real estate investment trust (REIT) industry, ranked by revenue in 2024:|BXP|Boston Properties    |3421.55
ARE|Based on the stock ticker ARE (Alexandria Real Estate Equities), here are the top five similar stocks in the real estate investment trust (REIT) industry, ranked by revenue in 2024:|VNO|Vornado Realty Trust |2184.19
ARE|Based on the stock ticker ARE (Alexandria Real Estate Equities), here are the top five similar stocks in the real estate investment trust (REIT) industry, ranked by revenue in 2024:|SLG|SL Green Realty      |1464.83
ARE|Based on the stock ticker ARE (Alexandria Real Estate Equities), here are the top five similar stocks in the real estate investment trust (REIT) industry, ranked by revenue in 2024:|DEI|Douglas Emmett       |1345.59
ARE|Based on the stock ticker ARE (Alexandria Real Estate Equities), here are the top five similar stocks in the real estate investment trust (REIT) industry, ranked by revenue in 2024:|HPP|Hudson Pacific Properties |1226.15
APD|To suggest similar stocks to APD, we'll consider companies in the same industry, which is the Chemicals sector. Here are the top five similar stocks ranked by revenue in 2024:|DOW|Dow Inc.                      |49.63
APD|To suggest similar stocks to APD, we'll consider companies in the same industry, which is the Chemicals sector. Here are the top five similar stocks ranked by revenue in 2024:|LIN|Linde plc                     |34.24
APD|To suggest similar stocks to APD, we'll consider companies in the same industry, which is the Chemicals sector. Here are the top five similar stocks ranked by revenue in 2024:|SHW|The Sherwin-Williams Company  |22.41
APD|To suggest similar stocks to APD, we'll consider companies in the same industry, which is the Chemicals sector. Here are the top five similar stocks ranked by revenue in 2024:|DD|DuPont de Nemours, Inc.      |15.61
APD|To suggest similar stocks to APD, we'll consider companies in the same industry, which is the Chemicals sector. Here are the top five similar stocks ranked by revenue in 2024:|EMN|Eastman Chemical Company     |11.32
ADBE|To find similar stocks to ADBE, we considered companies in the software and technology sectors. Here are the top five similar stocks ranked by revenue in 2024:|MSFT|Microsoft Corporation |243.42
ADBE|To find similar stocks to ADBE, we considered companies in the software and technology sectors. Here are the top five similar stocks ranked by revenue in 2024:|ORCL|Oracle Corporation    |48.44
ADBE|To find similar stocks to ADBE, we considered companies in the software and technology sectors. Here are the top five similar stocks ranked by revenue in 2024:|VMW|VMware Inc.           |13.35
ADBE|To find similar stocks to ADBE, we considered companies in the software and technology sectors. Here are the top five similar stocks ranked by revenue in 2024:|INTU|Intuit Inc.            |12.35
ADBE|To find similar stocks to ADBE, we considered companies in the software and technology sectors. Here are the top five similar stocks ranked by revenue in 2024:|SNPS|Synopsys Inc.          |6.34
