news_title,weblink,source,date,symbol,original_link,sentiment_score,sentiment
"AMZN, AAPL and GOOG Forecast – Major US Stocks Look Mixed - FX Empire",https://news.google.com/rss/articles/CBMiqAFBVV95cUxOQzBYNHdTLWVyVDRIY2NkS0FQd2lRdTJMVGVrb09BZ1h6a3Q1MlM0TjVvM2Zab2F4THVxVTdvLUtMSEF1MURfdnN2Y1ZqSVE0NzFESmVqVFk2dHZYTjROaUU5SFZpZ2RJREdfZFhEcDJzMkhXcTVCSFJYZ2xaazF4LWRFYV9YNU9ITHREMU5YTGJKazNoY1JfWmk2N0FWWF9kb3gtaG5TWjc?oc=5,FX Empire,2025-03-03 13:40:00,AAPL,https://www.fxempire.com/forecasts/article/amzn-aapl-and-goog-forecast-major-us-stocks-look-mixed-1501377,0.0692948717948718,Positive
Guru Fundamental Report for AAPL - Nasdaq,https://news.google.com/rss/articles/CBMicEFVX3lxTFAxYXhWT19VMEc3TVBZS1lTMS1hU3VXbWh3MTNqSDBYMlZrVWtVSXhsdjVaa0QwWDYzTEMzVmJ5cTBpcHE2Tk8xU0cwRE10NnVSUFBDSTluX0RHQVdwdllSelFZa094QXdhdEJKd1hSSkQ?oc=5,Nasdaq,2025-03-02 14:00:00,AAPL,chrome-error://chromewebdata/,N/A,Unknown
Apple: This Valuation Exercise Supports A Buy (NASDAQ:AAPL) - Seeking Alpha,https://news.google.com/rss/articles/CBMijgFBVV95cUxOZVBlcGhlNEQ0VmJlaXRBelJGRndqeDlmNS1GSHNfWVQta1pOd1o4eGF2RXpILVlFOHgwZU4tM2puWmFBQi1VLTNQejdrUExwTEdmUDVIX2k5akRjWUd2Mk9tMDlwdnpBSHU2RDV1Ni1rRVVFQ214RHJNQVdidTdaNVF3dEJJbVhGX3FuWTZB?oc=5,Seeking Alpha,2025-03-04 13:00:00,AAPL,https://seekingalpha.com/article/4764070-apple-this-valuation-exercise-supports-a-buy,0.08947368421052633,Positive
Wedbush Sticks to Buy Rating on Apple (AAPL) Stock as Alibaba Deal Unlocks AI Growth - TipRanks,https://news.google.com/rss/articles/CBMisgFBVV95cUxPdHhRUTByX2FmRUFJMHk3UmJmRTBqUnN0Vi1OTl9hWTNmM0REMFA1bTFVVHJPQXVGME8ya3hTQlA4UktPOUptVG85R1BLR1phVFFoMDVzbU5Bamhlc2JGUUFqM1dZRU1lMzMwbTB1M1hrUk9VWVpBcEhweDRmWlRSWHNQN3RaTFZHUkFMWXBPNEVaTzdkWFR5SmZfWThVcFdyWFJIYUpLd1BLTDZ2MGRQUlFn?oc=5,TipRanks,2025-03-04 09:58:50,AAPL,https://www.tipranks.com/news/wedbush-sticks-to-buy-rating-on-apple-aapl-stock-as-alibaba-deal-unlocks-ai-growth,-0.025942460317460312,Negative
Jefferies Analysts Warn of Weaker iPhone 16e Demand: Is Apple (AAPL) Facing Growth Challenges in China? - Insider Monkey,https://news.google.com/rss/articles/CBMi2wFBVV95cUxNRWV1UTJQSE9LRkhaMWVpbmZrQXpuR2NPWnR2Vnc3X1RodUpZaElEdng0WlFRZC1kMUJSS24xREswS0trcGNYNHRHYTl6b1VLMnVmaVo3VkxDNHZUd0JVbkNGcGVSQVd5NFZjaFZyNExxMzBqc3dJQWlpNThYTmRVYktRSTczeDFXS3c1LU5CLUxvV2pLRXc0UEx0M0ozcHBCSnoxNGE5dkJKN3dnQVZYeFkyUXEyTFhiVkY1ajQ0aG50VHJQLUgxbENxeDJ6Y3Z6OXloMHFxNWZwVmvSAeMBQVVfeXFMTUNsQ2FoMTF6ZWxLRWxpbHo3WFRqN0ZRZVVHMVZ6dVRfTnNyd21aQU56NVFFR3MzMWYyQm15YW4yZHB6NjVfa25uSDM1V2xlUUdRRWFkQ2VoaTZJdjlsVEVIbFdTbW5Hb29ZLTJPYy1TSHloMnFfeVNZUFVJUDI5SUFvM191VXp6QTRmd0U0YjhPajBzeFl3Rlh0Qy1TX2Utd0dVQmJwQWtqdXRIRE9nNWJrdklnTTcxLW1lZ1VMa1BGTDNWWGRFakFNMkVKai05OGxJRTdUT0F4dWRLLWROOXFGWTQ?oc=5,Insider Monkey,2025-03-04 08:37:03,AAPL,https://www.insidermonkey.com/blog/jefferies-analysts-warn-of-weaker-iphone-16e-demand-is-apple-aapl-facing-growth-challenges-in-china-1470742/,0.0999025271265531,Positive
Apple Stock (AAPL) - Next Key Price Levels - ForexLive,https://news.google.com/rss/articles/CBMimgFBVV95cUxOYV9qSlVjZUplbUxLLXFQX3hSX3BYOXY5UUl1Nld4bjhnRkphSXJldXhoMWJHLXF1RlcxTFJoai1YWE1oYWlCY09rblFNbFJhVjNndVptWE1NLUVOWEVxZ2VvVm9RbmFOaEJFZFlHY2FtZlNOR1dHU1FHblgycDJNYnNkZHBTNXplcW5XZU5TNERFOVlCWXBsMmJR0gGfAUFVX3lxTFBJN1BxQVZuNWs0V0hEZGFpdU1rYkVQS2w4blRmN3VKNXhqR3o4MDNJMWJlcVRnWEFZQVhaejNkVnF4czhvcDJXQXl1QlhiUHJYZHdsRjdHLTFSVUE0cmpfdUc0N2lMaEVFYXhzWjRyUENmeUFhQmhPT25qdG5pTDVtVGVNRDIxVUgyNkYzckZJV3F3N3VFSURwU2FnODd0RQ?oc=5,ForexLive,2025-03-03 08:51:00,AAPL,https://www.forexlive.com/stock-market-update/apple-stock-aapl-next-key-price-levels-20250303/,0.07065270935960592,Positive
Apple Inc. (AAPL): The Ultimate Money-Making Stock for 2025? - Apna Kal,https://news.google.com/rss/articles/CBMikAFBVV95cUxNNGxTWjVLbG5JQzJhX1JnTi1FalJvb2tIclNhSFl0eEpjRjVFS3Jvb0dIb2kwdDlnRV9FR1JsSXloSnktNnJoOWRWZGFDTEFhT3poWkRvUW42RjFNX2diNjFleGEzNmluZ293dGJldHZkYncxeDR0b2Z3bWt5MG82LWNNX3o4Qmxlb1FqZk1oZjQ?oc=5,Apna Kal,2025-03-02 01:10:37,AAPL,chrome-error://chromewebdata/,N/A,Unknown
What Analysts Are Saying About Apple Stock - Benzinga,https://news.google.com/rss/articles/CBMiqwFBVV95cUxOb2psVXQ4UTd3YXhDTUVIWlhHSHV3NVVrLTJXZ09OUHZwdkptRk5qemw3V0RoX0ZicDl5SkU1SU1xNUhWUHJRRnFoSGwtM2lRbkwwU1RFSUNPV1Z3Z3RqNUh1Wmx5bFFob0M2bkFadG1wQUxBdkdhME9sM1VqSElHUGp6RXZBUGRmVWhTek5ZUDN4RFBZUXFJbldGM1A4TThjUmUyVDZPbzFhRGc?oc=5,Benzinga,2025-03-03 21:01:29,AAPL,https://www.benzinga.com/insights/analyst-ratings/25/03/44093658/what-analysts-are-saying-about-apple-stock,0.15172571301247773,Positive
"Apple (AAPL) Makes an Interesting Gamble on the iPhone 16e, and It's All About China - 24/7 Wall St.",https://news.google.com/rss/articles/CBMiwgFBVV95cUxPT29iS3lDaW90TDJtaGI1anhDNjlfWE9qSkdJT0F2ZDhqTC1PckRmNU1lZzhLTWx1dlAxbGgtel9SejVuWFJXOXQxR1p5UWF3SzhHcldhVjBFTWVIVlRsQmc4T2VuNTNaNHYwTHdWWUl4WUw4emNubE1ENDdvR3VKVXFyM0pZREVfbmpYNmVhal9aNVBjVWtEMzJCUFV4aFRiMG5fTTkxbG1ub0xXRlJtMkFrejIydkwxOWVPNk9KRDh6UQ?oc=5,24/7 Wall St.,2025-03-04 15:51:27,AAPL,https://247wallst.com/investing/2025/03/04/apple-aapl-makes-an-interesting-gamble-on-the-iphone-16e-and-its-all-about-china/,N/A,Unknown
Apple (AAPL) introduces iPad Air with powerful M3 chip and new Magic Keyboard - StreetInsider.com,https://news.google.com/rss/articles/CBMi1wFBVV95cUxQbmRIdVhxNER6LWJOV2Y3WHV0WUZWdHJGWHAzY0tsNmFtUVJlQ3o4c2c0V3NpWDNZT0FaOXpyOC1BaTlJV0l4cXRQbnRTZ0dYWVdIWlNvVDJNYk1oLVJUTmZoOTFiOHpnSEwtaWJnU3VxaDNHMTh3MjlaOXZHM3ZWekp5NFVBeTF1NENpZEtQeW1renQ5VVA0X2ZGazNoUzZRZ29SYklfbVhSejJKU19ZUHNDSk5ETDc4N1NsTUNBcEJHUzh1Mzlnb0Y3aExYdHY0WGctU21kTQ?oc=5,StreetInsider.com,2025-03-04 14:01:34,AAPL,https://www.streetinsider.com/Corporate+News/Apple+%28AAPL%29+introduces+iPad+Air+with+powerful+M3+chip+and+new+Magic+Keyboard/24445470.html,N/A,Unknown
Where are the Opportunities in (AAPL) - Stock Traders Daily,https://news.google.com/rss/articles/CBMirwFBVV95cUxPZlNINy1ERGp2aTJJM1V6NDJGczBKNEQwbENSOTluRXBXaG9NdURTY3VJVTZNZFVISkZtVTZwUkV0UERLSEhrQ00tcXN3SWdMXzlRT25hNzBxQmpoVXpwZkdsQWV5NUdiU3BobVpZVHFidDg3aEhGZXB6dXpsM2J4SU5peUJzOUZHS3piVG54R1VJMmFTeXp3V2dXQ0p3OTN1bUtBbkFDMzQ1MGZHejFN?oc=5,Stock Traders Daily,2025-03-04 10:14:00,AAPL,https://news.stocktradersdaily.com/news_release/12/Where+are+the+Opportunities+in+%28AAPL%29_030425051402.html,0.06447368421052634,Positive
Apple (AAPL): Why These Two Stocks Could Surpass It By 2030 - Watcher Guru,https://news.google.com/rss/articles/CBMiigFBVV95cUxNeWZMVnoxbnZLOUhJanVzRE44T2QxTGlrRlhfME9PdHFGZXgwWXJUa01Xci1wLUprZjdjSWpkQUw2d0Q3VlBiV3JIR0ExdC1fYjd3dnZZVjlVN2VpR1Jhb3AzU1BwRVlJNWJjNjVNNVo2VWRfbUczU2RfWThHd0QxYVQ1NDl3alk4TFE?oc=5,Watcher Guru,2025-03-03 18:32:18,AAPL,https://watcher.guru/news/apple-aapl-why-these-two-stocks-could-surpass-it-by-2030,0.09700854700854701,Positive
Apple's China strategy applauded by leading research house - Proactive Investors USA,https://news.google.com/rss/articles/CBMiyAFBVV95cUxOYXNtQ25QczRHSVY0aFM1bHEyZnZWRTdLYTFTdHZ6X1M3U08tei1PX1VlTS1fVXkySjdEOV93M1lDYmFwZVQ1YTNBbDJmZWg3VVZkeFYxOW1RTm9LWFhWandsOTdwZ2JQd2xNYVNOU3NGZ1RFbFR5YTljdWR5TU5aTUJNSVlXeXZPTFl0RnFZcWIxVkZxT1hxbm5XUXFvdnViM2paWmFPaGFQbk53YTJRWWhfOThUTk5taXdvLXAtUnp2elZUZGJaVg?oc=5,Proactive Investors USA,2025-03-03 15:35:00,AAPL,https://www.proactiveinvestors.com/companies/news/1067253/apple-s-china-strategy-applauded-by-leading-research-house-1067253.html,0.07233682983682982,Positive
Apple Stock: $500 Billion Problem (NASDAQ:AAPL) - Seeking Alpha,https://news.google.com/rss/articles/CBMidEFVX3lxTFBrOWNYSXBudThWY0tkNTZ0UTNTVFlTcjllMkl0OWpCTGRlaXY0TVNaNzVuQVZQWWwxeHVUdTVLU0w4Y29xTjBHcmlyLU52R0dOQkg5QnVHakM3cjdXbDRvSEp0czBaVjJRcGo4UmhvRGRoM3BL?oc=5,Seeking Alpha,2025-03-04 01:00:00,AAPL,https://seekingalpha.com/article/4764087-apple-500-billion-problem,0.15010416666666665,Positive
"UBS on Apple (AAPL): 'iPhone sell-through lags the market as demand remains muted in the US, China, and Europe' - StreetInsider.com",https://news.google.com/rss/articles/CBMijAJBVV95cUxNczA5bEZfa29KLUNvWGVhaEZKeE1xOFZvMmpVek15VHhBREVnMjZlXy1uRkNqTG5LMGg0djNZRFFENEd0QS1ONDhibEFWX3lkcmNfX2tkMW1EZnVzbEtBNkNuejkwRUROTlFvTG5oVUsyYnE4UzNvVWhnSWFPc29zLU10ZlpMenhCd3ZNMTZmOEs0YVdQeWJPYllKZVZqbG1PLUJ4aFhnUXlMMUdXc25pb1ViRlFTbGNOM2dQOUtLb21mMXR1VFY3bVZNMG1FdTZ5Wmh1SHNmTmw4OHVRSTkxM21BdFZoMzFlNkowT0lWTFV6MVE2NjBCdHRVYXI4YWhYNWNRY2NicWpwYS15?oc=5,StreetInsider.com,2025-03-03 12:53:34,AAPL,https://www.streetinsider.com/Analyst+Comments/UBS+on+Apple+%28AAPL%29%3A+iPhone+sell-through+lags+the+market+as+demand+remains+muted+in+the+US%2C+China%2C+and+Europe/24435539.html,N/A,Unknown
Which Will Win the Race to $5 Trillion: Apple or Nvidia Stock? - Yahoo Finance,https://news.google.com/rss/articles/CBMie0FVX3lxTE9FdDJrYlRwVGdNX280NGZzalNmMTVmN3BSWGJpNk9wTGxIbi1EYzFvdUY2aXRiamkxa0VQak1Oa1hjdVUxNGV1TGlVbHFEN2VCWlpUQzhoNjZNb1BFd3BVN0xxeFpwWlN0TVZxWVkxS2x0ZzhVb1JiT3BGSQ?oc=5,Yahoo Finance,2025-03-04 12:30:00,AAPL,https://finance.yahoo.com/news/win-race-5-trillion-apple-123000833.html,0.11308266264252176,Positive
Behind the Scenes of Apple's Latest Options Trends - Benzinga,https://news.google.com/rss/articles/CBMiqgFBVV95cUxORWdrZHRrNkZManp5bDdhbkQ1eTBxSVZ3ai1mYUVocDVQbURvUTlQZ2VaUUhOaVRZQXhnUHEzWUNfTUEyczJoQzhnWjBSWlJuNDFnY0V1WkZzU1hnOUpFOHFybWFWVVhYT1pCWjZ3TGhtNWhvRUM4Zl83LTFCUTZVVDNJejhaVjN5Sy1ha1ZtcXJ2QnUwQmJobFUzZzJZMkhVN2ExR0k0cUxDQQ?oc=5,Benzinga,2025-03-03 14:46:03,AAPL,https://www.benzinga.com/insights/options/25/03/44078535/behind-the-scenes-of-apples-latest-options-trends,0.09071699134199135,Positive
Goldman Sachs Reiterates Buy Rating on Apple (AAPL) - StreetInsider.com,https://news.google.com/rss/articles/CBMitwFBVV95cUxPSkJyRFZrcHpQR2QzYTJwVUFNX2RwZlRZUGdUYllxX09haVdFcGFTVkJWVW1KNWEyeXpaUUk2YmI5M2t1STNheDFPLUllWWJmS2s4UGtPYmphWC12bXRuZ0tkbzBLNEVGemVjZjh6ZGhfdTJHQ3RreUlWRy03WHpjZUFSaDhTTUtPM1A4dy1aNWpWSGRzOWw2WDRHX2hUT1Y1NDRzb00tMi02c01MMEdFMW1VRnVFMlU?oc=5,StreetInsider.com,2025-03-03 16:47:39,AAPL,https://www.streetinsider.com/Analyst+Comments/Goldman+Sachs+Reiterates+Buy+Rating+on+Apple+%28AAPL%29/24437712.html,N/A,Unknown
Jim Cramer: One Thing is Holding Apple Stock (AAPL) Back - Watcher Guru,https://news.google.com/rss/articles/CBMihgFBVV95cUxPN3JURlNtVWI5Umo3OUtwazdTYUhVQVI5MnUzZzktQ1N1eTNjYWRRQl9qWDNEMkV0TzkxY0NKbzRRTnd2S3lSWmdLampVdFFzSnVNYmpLS3hMS2Z0UWlZTkVZdU5lYXA4Z29WNFFBZmoyRVhub01sQ3NSTHpLZ2c0S2NoZWNHQQ?oc=5,Watcher Guru,2025-03-02 13:01:45,AAPL,https://watcher.guru/news/jim-cramer-one-thing-is-holding-apple-stock-aapl-back,0.013665793271056432,Positive
Apple: What The iPhone 16e Spells For The Stock (NASDAQ:AAPL) - Seeking Alpha,https://news.google.com/rss/articles/CBMingFBVV95cUxPT0JGel9WMFFvejc4X0xaaVNwa01ORzNFLUFkQWNOVUJWTEMtb01TeFM2clpVbkNSbm9sT01IT1dEcU1WOG5JcjJ3a1RyRHg2U2xqcXRQb0dlWGVQYkxsaUN3RXJMZ1FFTXVmZ01oX0pqU045T05VQjRoMTJXLXhRMkpLZHZ2UDVNejNJb0ZFNVk2SDdMbHVOdm5WdVlkZw?oc=5,Seeking Alpha,2025-03-03 12:00:00,AAPL,https://seekingalpha.com/article/4763915-apple-what-the-iphone-16e-spells-for-stock-reiterate-buy,N/A,Unknown
Apple (AAPL) Stock Slips After it is Slammed for Being”Half a Decade Behind” on AI - TipRanks,https://news.google.com/rss/articles/CBMirAFBVV95cUxNNmEwYWZ6a2FHMTRDNjUzTkt5RkRnT29hOG5MYkRoUzdFSDZYWEhYZzB6aTZ1aTlYVmI0MDNiWF82RkFBZ0Q4bWRIRzhmWE9fTUhONlIteW15UVphU19sY0E4cGdnUF9XRkpsSDJLeDhadEJZR2ZjZjc5U0M5d1ZpNTZUY3M3ZXdXOUF3X25tbExnMHFNeDlIcFR4N0Y5dkt2anhFNTZFeTBUU2lj?oc=5,TipRanks,2025-03-03 13:12:23,AAPL,https://www.tipranks.com/news/apple-aapl-stock-slips-after-it-is-slammed-for-beinghalf-a-decade-behind-on-ai,0.19836326225215115,Positive
"Apple (AAPL) Stock: Tech Giant Emerges as ""Safe Haven"" Amid AI Cost Shifts and Market Volatility - MoneyCheck",https://news.google.com/rss/articles/CBMitgFBVV95cUxQT1p6VUw5WTUtX1J2MXgyX3hCTUFpUTNzWDkwX2tMVkhxaDZNVFJUZXBqcUdXNjktQVpwY205WmphV2xhTTMxZEJPTjZuSkZGU1h1aUpPTVJNTVZZQUhwWk9aXzlOZWNaWXlGNDlMNGxsc3E5ZkFkTFBLb1R5YndSbkN4U0dKYUlId2Y1dlk4UlNKcnQ2OVFSeTBGTk5meElkNVFqbjA4UmVVMEJ3WFNFemJZYUNjdw?oc=5,MoneyCheck,2025-03-03 13:48:04,AAPL,https://moneycheck.com/apple-aapl-stock-tech-giant-emerges-as-safe-haven-amid-ai-cost-shifts-and-market-volatility/,0.09692879499217524,Positive
$21 Trillion Wealth-Creating Stocks Are Still Undervalued — Three Big Bargains To Buy Now - Benzinga,https://news.google.com/rss/articles/CBMi2wFBVV95cUxOdFdZRzdDU3hGWFRJSm8taWdydU8xTXhXNHpsZFZpaHFqZHg1Q0lIMkt5ZXJsUmpDR28wMHRqTUVYR3hWS2l0ZWpMT25MS1hQOVNJSFFxWHZvUlBfaE9NelJpNVZEaFVidjFJRnBVSVg2TlVEanpqaVo3dnZLQkhGM2QxcDRLR05ub3RmSG01UFZqQ2dvTWFUT2NCT3ZKMW9IaWNFTmpZY0s1LTBpbVFkRlZMNk9EbzhEWHhuNUJtOHpKZ2dwNXEwZzJjaVNvNmFsc2ZoZjcxTG5BRlk?oc=5,Benzinga,2025-03-02 18:50:26,AAPL,https://www.benzinga.com/news/stock-split/25/03/44067742/21-trillion-wealth-creating-stocks-are-still-undervalued-three-big-bargains-to-buy-now,0.2119623655913979,Positive
Active options: NVDA TSLA PLTR INTC MSTR AAPL SMCI AMZN - StreetInsider.com,https://news.google.com/rss/articles/CBMirgFBVV95cUxQZmZMa3Zra0tWMUJnUnNWZ1dlUWY1UjZ3cVRzaVc1SFBzc2VJUE1vNU9maTRKQmQ1NmVQR0hENHFCMGl0Z3RSYjUzRmx4NDA5YzRSSEVFRm5XZzFvc2U3NHo0RmdUUW1DbTB5bXlnUUJaeXdIMjNqdy04SGFFc0ZhNFhKVC1RMHF0enp5Ry1BWW5lSEI1a0hkOXQ4eGZGbTRQQXd0UXBtWnN1ajFHa1E?oc=5,StreetInsider.com,2025-03-03 20:25:05,AAPL,https://www.streetinsider.com/Options/Active+options%3A+NVDA+TSLA+PLTR+INTC+MSTR+AAPL+SMCI+AMZN/24439371.html,N/A,Unknown
Apple Inc. (AAPL): A Top Money-Making Stock Amid Market Uncertainty - Apna Kal,https://news.google.com/rss/articles/CBMimwFBVV95cUxNaElNN0REay1FNmM0c2lfWnVWc0FPV3pEVG5KYlYxTTY0cmZlZkt4bDg5X201anR4dGlEb0JEOG9LcDJZOXA5UTBXeWNsa281RnNoYXowX29FOGlCNVU5RENSOVpiZWN0SlFXcnlveExWdmZ6SzFsTGZpMzlLZ0M2ODVOX25LcHg3NndkdTJjNnBqZEsweUxsMUQyRQ?oc=5,Apna Kal,2025-03-02 15:00:07,AAPL,chrome-error://chromewebdata/,N/A,Unknown
Amazon (AMZN) Ploughing $8.2B Into India to Help Build AI as Economy Booms - TipRanks,https://news.google.com/rss/articles/CBMiowFBVV95cUxNdEp5cWM3SktGcDBIckYtaHVXZEdPSjZHNEdOWmFOZGx1dnNoYzBibkY3cUQ5dGQtWnFKRWNVQW9tUkZRbnZ0WHJfV3BLSkJ4ZkQ1bW9ydlN6TEo4eWE4bHFHYjl2bVBZZ2M3dDNtWlVlcjRiMHVIRk9BeHVXcTNxd2o5ZzlrbHR1MmZZZmJRdlpnd3dNQk9MQ1lCalVRVE1RYmxr?oc=5,TipRanks,2025-03-03 16:28:26,AMZN,https://www.tipranks.com/news/amazon-amzn-ploughing-8-2b-into-india-to-help-build-ai-as-economy-booms,0.11536281179138322,Positive
"AMZN, AAPL and GOOG Forecast – Major US Stocks Look Mixed - FX Empire",https://news.google.com/rss/articles/CBMiqAFBVV95cUxOQzBYNHdTLWVyVDRIY2NkS0FQd2lRdTJMVGVrb09BZ1h6a3Q1MlM0TjVvM2Zab2F4THVxVTdvLUtMSEF1MURfdnN2Y1ZqSVE0NzFESmVqVFk2dHZYTjROaUU5SFZpZ2RJREdfZFhEcDJzMkhXcTVCSFJYZ2xaazF4LWRFYV9YNU9ITHREMU5YTGJKazNoY1JfWmk2N0FWWF9kb3gtaG5TWjc?oc=5,FX Empire,2025-03-03 13:40:00,AMZN,https://www.fxempire.com/forecasts/article/amzn-aapl-and-goog-forecast-major-us-stocks-look-mixed-1501377,0.0692948717948718,Positive
Why CEOs love to return to work while employees don't? A former Amazon VP explains impact of wealth on life's priorities - Business Today,https://news.google.com/rss/articles/CBMiogJBVV95cUxQeDFhYnVqR19JNHA2a1dsbjdLbjBsTlRNN0s2eVNhRHVWUTBuS3NQNmw1b3g2eHhYV0E0Tm15S1phdTdsallza3NzZFBrOTFsbkxBN1g5a1dHdUttN25ub3lQcHVBWGdsY3V6Vmo1dGhyelNScUFVcnluZVd0Q3VmV3F4MFZXSHRGV3BzUHo0S1UwelNueU5QclBndzlfQnBFOXJrMnBhLVJmbk83VVJ0Z19pdkI2Unc4bUwweFVyMGxicXE4bjJCalNNbFI0M3NEV25lQUJIZEotTERZTmVGWGJBX2daUmxPcDNqcFZCc09oM3AwOTVfUF9US3RTR21HREFhWTk4TVEwd3JzVVpMcnZyWWVSUjJQNzdHNk1yUFo3UQ?oc=5,Business Today,2025-03-02 10:07:22,AMZN,https://www.businesstoday.in/latest/trends/story/why-ceos-love-to-return-to-work-while-employees-dont-a-former-amazon-vp-explains-impact-of-wealth-on-lifes-priorities-ethan-evans-466423-2025-03-02,0.1521685861308503,Positive
Amazon.com (NasdaqGS:AMZN) Teams Up With Fujifilm For Advanced Cloud Solutions In Healthcare Sector - Simply Wall St,https://news.google.com/rss/articles/CBMixAFBVV95cUxPTXNHWEVFSUZmQVBoZkJfdUdsQlRjYkxST2VyY3o5QkxPeDBtRFVfbFAyTjBUSERzV29laGVXeVVtLUR6YW0zTktOUzB3cUgyem1QOEhERFlQTVFZX2RKX0FaZ2lERHN5d0hBTE1Da0ZCSm9lWEtqSDJqY1ViNnFBUkxwV3Vkc0NLaUdHaTIzMGlPTEFhc3ZpZE9RcDI5S2sxOUFUekJFNDEzQ1EyM09vRzNqeHFfX2NGZ0wxdWVYMGsyRnpH0gHKAUFVX3lxTE5UUjdQNktZQmgtbTRRSVFMaTRja3hkc1VGamxISzhSMU0yUFhxNHExN0ZQVHR2V2J1U0Jabk9EOFVyVjdfSnBDZHZpSDd6UWIyR1N1VFhFTzlOdDlDQ0hWUUVaX1BweWEyY05kUHZ1NkRWUERQdnRtTHJLbTJQWVR4a25VNFc0UWx3XzdsT2NuVnIyVkFpNHdQNlZTQXlUX1ZScTY5TzZSYTFick5JaWNxVUI0c2NvaXgwenVvUnpWN2ZZTTZFQ3NpTWc?oc=5,Simply Wall St,2025-03-04 17:31:58,AMZN,https://simplywall.st/stocks/us/retail/nasdaq-amzn/amazoncom/news/amazoncom-nasdaqgsamzn-teams-up-with-fujifilm-for-advanced-c,0.11130050505050505,Positive
Amazon-backed AI firm Anthropic valued at $61.5 billion after latest round - CNBC,https://news.google.com/rss/articles/CBMitAFBVV95cUxPSlN4NjZfS1R1VVBteTBWdDBENHBSMzRjVkVHbTZRMV93YnlkYWlqTDJBSmEydnpIQzFwT3JGOEpIdEU3bmhEYmxUaUtWejRsSWNfMUhsWUFRUVhINTBTNy0zZGNONlFlbURBMW1feC1qU1lrY3hfbVl1Um9SZnJac2QtczF3TGdnNVp6M0dONV9vQmJJLVRmcjFlc1lnMHl5MGtLSU9ucy1BdkhUUGRjY08zRk_SAboBQVVfeXFMT1otZV9mMWtWeE82WTlGUVhoeEo1Mkl4SGpaOTlGM09iYmpWLVdIcTYwZUduX3hMSlIzUmxDWldwN0pDZWlfZHpfSGhBREo3cktlZjQzOW1TMTlxTDBoeUc5dGt3TTJtQWhlRXFNQXVpMGd0MUxrVjg5YnJMSmo1dDFoWWpoUGlGdWowaUQxdC1tRy14N2R1b1hrUVpJUV9Ud004eWF2WTQzajBObjk3Y2w2eFBVN3lSMlh3?oc=5,CNBC,2025-03-03 17:06:58,AMZN,https://www.cnbc.com/2025/03/03/amazon-backed-ai-firm-anthropic-valued-at-61point5-billion-after-latest-round.html,0.426951513201513,Positive
"Amazon.com, Inc. (AMZN): AI-Powered Flood Risk Management in Spain - Insider Monkey",https://news.google.com/rss/articles/CBMiqAFBVV95cUxQTGZNUkxSVVhuckVnc29vR2tOTkNzWEJ3YjlBMHBDR0o5Ul9ndHM2aWhUNkdKRHQ1UWNHV2JWTUpWbEF3WV9iaDdZSVc4N1RJMmFuNlNIcWVJNlFES01DWWxsM2NDUjdBOVp1amJ1Y0g1UmVUOHJWOWdtU21xQWFOQ0pkdHB6dHBKaGFRSnVWalFTMDE3SVRpMnZvVGlVdXRWMkJlZ1UyQ3bSAbABQVVfeXFMTVQ0UnN2N0xvdEIzN1VuTHdDcFZaYVNOS3EzMXIyc1hiMW9jYUdSZ2pKVUY4aVVhUzlfcDdXaDIxbmk1MThaZ0dXWVFCdlhVQVZsYTJNRDZZUUJIdnNMdnlxRXR1MHRFLVN0ckp0eXFIT2tJYlEtTllUOXFKT2hwWEVJZXB0WEpvdUdXSGQxM3RuLXBQOFNwbTNvc0R1WTFCY1FHc1JRUmU0a0Mxc0hRR1c?oc=5,Insider Monkey,2025-03-04 10:17:52,AMZN,https://www.insidermonkey.com/blog/amazon-com-inc-amzn-ai-powered-flood-risk-management-in-spain-1470746/,0.1350676406926407,Positive
"Is Amazon Stock A Buy, Sell, Or Hold Ahead Of Alexa+ Launch? - Barchart",https://news.google.com/rss/articles/CBMiowFBVV95cUxOQ3Z6WUNpek94eV9YbDRLNjZOLXltUFV2OE43WFdyYVA4aERmTVVHQktzV3hPR2NkSFg2M0N5a29kc0w4NzRVSDJUbWY3aGRmNDJnWGJQYkdyWXF3UWRkM1otV21JVWM1RERpV1FTOExXQTBxNHhhQTk4dXBjNjk1Ync0am5KWnpmanUzSF9TT3QwWnpCMHJVcnN1NnBhdGVhMmtz?oc=5,Barchart,2025-03-03 20:35:03,AMZN,https://www.barchart.com/story/news/31215644/is-amazon-stock-a-buy-sell-or-hold-ahead-of-alexa-launch,0.0,Neutral
Amazon's cloud business to invest $8.2 billion in Indian state in coming years - Yahoo Finance,https://news.google.com/rss/articles/CBMigwFBVV95cUxPbzdzTzdPVm1wTE53UlRrSTNDS0g2NER6OFZuQXpKdjFZLWVSaGlNUHFpbDRYS2dLWDhidDBqT0k5bF9qQWJ2cmhpcXlQUXVjT0RseUFBWXFLRUZqdFJlV2p6UHNWYXUzTVZqaFBMcERsdk9RbkxWdUc5dldlTTZsM0oydw?oc=5,Yahoo Finance,2025-03-03 14:12:39,AMZN,https://finance.yahoo.com/news/amazons-cloud-business-invest-8-141239690.html,0.1068181818181818,Positive
Should You Buy AMZN Stock At $205? - Forbes,https://news.google.com/rss/articles/CBMiswFBVV95cUxQLTdmdmg5RURoUnlGQnRzMDZ4NjlrMUVwWXRPTVFfbWJzWC1aTi10eWQtazQ0TmlkcDJIU0hwVm5JMktlMUR2Wi13aUU4YWEzWXRkQzZWY2FTMkJDWFZNZ3lIeWZrWTRqRThRbmZXUjlQR25YOEdTQ3B5Mk9xQzluU0tOVW54dUpyTGFCMXBDODVBLVA2cU94cGJ3Wl9SSVBhbzNZMmoxLVlsZGl5aVhKNG5Ydw?oc=5,Forbes,2025-03-04 09:00:00,AMZN,https://www.forbes.com/sites/greatspeculations/2025/03/04/should-you-buy-amazon-stock-despite-its-high-valuation/,0.17728101945003358,Positive
"Amazon Vs. Walmart: 48% See One Leader In 2025, Others Expect A Tie - Benzinga India",https://news.google.com/rss/articles/CBMitwFBVV95cUxQRkFNbmNuc1c3X19CYUtRYkJTcE84Sy1rejQtRUoyQUZTX2tOVElRTzY2UVJGazU5VjlqX2Jaa3NUTEFrRGN1WjNyOEp3cTEyT3ZiQ293QXIwYkFFTWExbVB3bVhSeWtkU25jaTYzSkItOVhUazRWVF9rOExxaTJBei02VEhQN0h6cVFVY2JJdDBuMXoxVm1ILUNQOGg2bHcwd3ZWYk44RFNTN21YazVzVm9FZk5fMmc?oc=5,Benzinga India,2025-03-04 15:37:45,AMZN,https://in.benzinga.com/trading-ideas/25/03/44113335/amazon-vs-walmart-48-see-one-leader-in-2025-others-expect-a-tie,0.09813762626262626,Positive
Amazon tightens its grip on TV ads with AI tool built for upfront negotiations - Digiday,https://news.google.com/rss/articles/CBMirgFBVV95cUxQNUhSMjM1aVRvOGFsU3pjVFF6bXZGanZIdTNrUUpHWGJRYUJGUVVib25pQXZPcWpFLTFGTTU1RzNtQzBiZUtxbWt4TlA4MC1fRmUwU1ZUX3otSGhDbEdxYkxYalNkOVFFb00wUFNscDJTTF9EbzRoUW5Uam15QW5Wb3BOSnh4a2tCYVE3Wl9xM0JwdUc0MC1BeTZHeUd5N3lvbDZiSk11OEh1U3R4b1E?oc=5,Digiday,2025-03-04 14:05:36,AMZN,https://digiday.com/marketing/amazon-tightens-its-grip-on-tv-ads-with-ai-tool-built-for-upfront-negotiations/,0.15098454785954785,Positive
Amazon in plans to build new reasoning AI model-report (AMZN:NASDAQ) - Seeking Alpha,https://news.google.com/rss/articles/CBMilwFBVV95cUxQT1dkQnI4WnVzUDcyOGNZZDJVejZZaUM1TVVRN1pGdVdVbG01blRpTk54RmVOYmpSUFNTRjNQdHloaWQ5eDdyd29IY3lvakdTOEIwbkJCbGNpcVp3Rmd1SEdrZnJjWGF2Q2JVaW1ZMXlxUVRSMHlLRmhZUmp4d1MxcmN3OHluTE0zdU1DRURRdURaTDdZWmY0?oc=5,Seeking Alpha,2025-03-04 11:11:00,AMZN,https://seekingalpha.com/news/4416771-amazon-in-plans-to-build-new-reasoning-ai-model-report,0.08727272727272728,Positive
Amazon (AMZN) Fails in Canada as Geopolitical Protests Hit Stock - Watcher Guru,https://news.google.com/rss/articles/CBMikgFBVV95cUxPYlc3MTVhS2Ezb1lBQUxFV0xzNGo2dXp2R2NxakJBeWp5d1QweXQ4RWFHT3VyN3VBWk5LRTZpc3Z3UEc5ZTN4SGtxOHhnbWh0eU5mWUJsaHlqdUw4UUlJQWdnOUdlY0NDX0wtN0VXaXdGc2JtY29teFh5bTNORnpkQ2Z6VGNnNWRnYnhGNnF3UjBFZw?oc=5,Watcher Guru,2025-03-03 20:31:59,AMZN,https://watcher.guru/news/amazon-amzn-fails-in-canada-as-geopolitical-protests-hit-stock,0.10332341269841269,Positive
Where Will Amazon Stock Be in 1 Year? - The Motley Fool,https://news.google.com/rss/articles/CBMihgFBVV95cUxNdG1LeFByVllSYk1sWkEtaTI3cWgteS1KbS02d2NfMzcxOFRvWVRSTWxia0EwVlh0azdpOFpHd3ctUzRKaDN4aTkyQmNDaVF3QncyRnk3RTltS1czMm8zMm5xaHpqdUVWTHA1UGtQN25fTFdoZnlfdlp0bk0tVFpFTEU1Vkx0dw?oc=5,The Motley Fool,2025-03-02 13:17:00,AMZN,https://www.fool.com/investing/2025/03/02/where-will-amazon-stock-be-in-1-year/,0.24699801755876527,Positive
Amazon OpenSearch Service vector database capabilities revisited - AWS Blog,https://news.google.com/rss/articles/CBMipgFBVV95cUxPR1ZKandQLXRULXlENE9NekRWZnBiQkpadnpPSTEtQzFzUWR2djB6N0sxLXpYOUNndG1BenNQcU5yTEo5NWZaYV9yeE83d3F4dWVFV0JzSko3ZVhFOWlkNTctUm54R0ktOTNXWER5cV95US1LeDdDdXJlWklMQjNHMG1Ta0pVZm5KQngzT1d2ZkFDMkVBWno0dzQzMlh0WUluOWZzaTln?oc=5,AWS Blog,2025-03-03 17:29:28,AMZN,https://aws.amazon.com/blogs/big-data/amazon-opensearch-service-vector-database-capabilities-revisited/,0.11528351370851374,Positive
Earth’s Domino Effect: Melting Greenland Ice Could Trigger Amazon Rainforest Collapse - SciTechDaily,https://news.google.com/rss/articles/CBMirgFBVV95cUxOclRWYUNPWS1adHJYaUZheHlnUXo1dHVqMTBvakEtV01sZHUzaldMdlUxdUc2eEdoUGdaWFNoYWxUT0szUklOOUJpY19VSm54VC02RjFnNFBnYjYtYURVWGItdTRrM1ZhMWNOVVZudWdjRDBOWUV4ejZmS3FDeV91OFJJOTIwTEVHdVRxYWo0T3J2WWxwYzVlYzlHeUpjTUZub1BuMnk2aHZYQzJ2eXc?oc=5,SciTechDaily,2025-03-04 06:45:15,AMZN,https://scitechdaily.com/earths-domino-effect-melting-greenland-ice-could-trigger-amazon-rainforest-collapse/,N/A,Unknown
"Amazon.com, Inc. (AMZN): AI-Powered Flood Risk Management in Spain - Yahoo Canada Finance",https://news.google.com/rss/articles/CBMie0FVX3lxTE04NFpMLVdrSXM2X2VydWpxZjNldVVYTURRc21CQUdFM0RRbTlPaVRpWGxQWVNjeW5KZHJILWx3WFllVmxWN2xhanBqU0F1a1FkaE5hMVpveWlwZFB5TDltdU12cDdFS0poMzItQXVsQVJvQlhOLWw5Rmt2UQ?oc=5,Yahoo Canada Finance,2025-03-04 10:14:22,AMZN,https://ca.finance.yahoo.com/news/amazon-com-inc-amzn-ai-101422754.html,0.12513038548752833,Positive
"Amazon To Launch AI Reasoning Model In June, Reinforcing AWS's AI Dominance - Benzinga India",https://news.google.com/rss/articles/CBMizAFBVV95cUxNb19nc2xJZDUweVBURXZRazUzZWNocU1Ibl83bGwxd0ZacWthRmIxVEVfOGdZRFlyMWpkLVM3ZmFaWWFpUDV0OVpaLVljQkIwa3QyVjl5S1FMUHZSQy1DWVQzMUpZOEp0RDhfMm9oZVpzZnlRaDJPTklyUTl6UVEtZ3Vya1NINGtBOHFXcWdnaGRHNzQxMEN0U0QtYlVicHg0NEkxX2xxSUszQUhQQWRJSlQzb0RKTk53WG1lVUJ0Z3Y0eVBPempUVV9NLU4?oc=5,Benzinga India,2025-03-04 17:29:42,AMZN,https://in.benzinga.com/25/03/44118144/amazon-unveils-ai-reasoning-model-for-june-2025-strengthening-aws-leadership-in-ai-innovation,0.07710437710437712,Positive
"Amazon launches Alexa+, and marketers want ads - Digiday",https://news.google.com/rss/articles/CBMigAFBVV95cUxOLVJVNUlULWJCakVqZ2lubHNIenNXRWVjSkRPenFnd25xWmNvbDJjYktJY2lIb1QxT3lIWC1XUFhoUkxYOUlrWGVmNV9JSUZael9wUFpPMkV6WDlzRjBsQlpVeEsxSTNXTkJhRjRDR2lPTzBtTllFM3U4NjdPWVlxOA?oc=5,Digiday,2025-03-04 05:05:22,AMZN,https://digiday.com/marketing/amazon-launches-alexa-and-marketers-want-ads/,0.14879089489745223,Positive
Mr. Market Thinks Amazon Will Rule The World - Forbes,https://news.google.com/rss/articles/CBMipAFBVV95cUxQMmw3QVllSEVsekNrOXhvLW5ZcWJXUWtCMHlfTkZTTk5UYnNNQXdwTElhaDVwck1tcUdqNlVKMFVMU1BkNGl0RTdKSUxzMW9Da3RHWkJ1bkVxZWk3OWZkMExjSzZtWnBUMnRRSTBlbVZ2bWJCdjBPUFhvdHljZTlXNTFKTmlsNjE3dWlpNmFvYTBwajEyZUV0SVh5bE1DbWpWeG5uYw?oc=5,Forbes,2025-03-03 15:45:59,AMZN,https://www.forbes.com/sites/greatspeculations/2025/03/03/mr-market-thinks-amazon-will-rule-the-world/,-0.07960031483667848,Negative
Amazon Defies ‘Economic Blackout’ As Sales Climb During Boycott - Forbes,https://news.google.com/rss/articles/CBMitAFBVV95cUxQQWFUbENYTTZjNVhYMno3MWdYVVR2Q3Y1MGNyUTdtSFFvM1VPemg4TFREUi01elNpMnNLVjZsQjA3TVlOQzFRNEJ1ZWRKVTBtUEgydVZzeU14VnZXcktxLUV0MkliZVlGcWxLRUVjbllQRDVMcms2QW9sajRaR1VPSFVkT25GQ0x2T0ItblZlYktmaEp4LU1DelM5OENXQnpramQ4SEIxMVlxaUxMTmdwS0NEcW0?oc=5,Forbes,2025-03-03 02:30:10,AMZN,https://www.forbes.com/sites/kirimasters/2025/03/02/amazon-defies-economic-blackout-as-sales-climb-during-boycott/,0.053483864620228264,Positive
"Columbia student creates AI tool to easily land offers from Amazon, Meta, TikTok and more - Hindustan Times",https://news.google.com/rss/articles/CBMi4gFBVV95cUxNSWFaeDc3LU10SDBEazRYQ3EyRnFQSUZBak1oMzg2R0xlXzljLWNyQWxrRExFdWxrWldTbzFnSm44SUtLaWhxX3gwVmxSdWhHM0g2bnI0X1hsUGxqM1RjdDhQbFVCenFuNnctcDJ2MlMxaEU5cldRcE42VENZY3ZwWGhoTzZuZW1tcldiZVVTNV9ZSjlHc3pKeHlFcUtnSEFaQk0wMEZ0YXRaSG1QSF9lcVhZZVhiby1lQnRrc1hBSmNSanFQQ0x4LXJyUHN3Q25PcDg5WWdEU04wR3RZMmtPSENn0gHnAUFVX3lxTE5SX1hNYnl1NThpUkpFcnNJTndCZnlMUi1uX0FNWTJwdTFmVkpZSjdNTjFjWVFZdm12NllGbUNZbEI1cERUM1E2TXN5Z2I2eG5WUHJ4ck1ETXp4c1ZzeV81b0NDTUZPWm5wdXhtN1VZM2ZrUVN6anR6RjV1UjZST3NDM0NaUGJnYk42SDRYRWdqMm1iQ0Q4NXk3RFZsNUFEOTdHSDUwMHBEMVo5LWZacXVudEZpMjFYMlBSTjlnWUNkZTVuaVN5VzVZU0dTNWtwa0Q1cS1qUnlrd3BpUUNOOFRONU16NXQ4aw?oc=5,Hindustan Times,2025-03-02 11:01:33,AMZN,https://www.hindustantimes.com/trending/columbia-student-creates-ai-tool-to-easily-land-offers-from-amazon-meta-tiktok-and-more-101740912342879.html,0.10805555555555557,Positive
Market Whales and Their Recent Bets on AMZN Options - Benzinga,https://news.google.com/rss/articles/CBMirAFBVV95cUxPMDVhTWgyRVI0RFFjcXV3RkJseWtsMjBVcGVlMmZ3X3dDR2lLcVpfTXU5eVh2bFZvMnFSRmlTYnRQbUt6dkJJenU2M1RaY2tNUE41ZTVUSUNoUmhOY0FmeGp0MTRVTEUyN3VJM0ZVSjhLN25yX1B3YlBoajBVNUFOdzNtMHpLc25YMnNfSnlTYXhjc2dVdERNaU1xSFVUWlRfQXplU1l0Y3VHTUlS?oc=5,Benzinga,2025-03-03 17:00:56,AMZN,https://www.benzinga.com/insights/options/25/03/44084401/market-whales-and-their-recent-bets-on-amzn-options,0.09764808362369339,Positive
"Is Amazon a Buy, Sell, or Hold in 2025? - The Motley Fool",https://news.google.com/rss/articles/CBMihgFBVV95cUxNT3lIQlZDQ0VwYU43SjZmVVRUb1RWZTRaSkVxS0NaT1NKYWhTRVg4V1lwQlV5Y1Rjci0wYjQ3aHFHTlhMVjVadjBsanEyVGlzcElxU0tpT3ZkV3cxaU41VGZpT1V0ZEEtX3RqUkhzWDRrNWVicUdwQWtPR0daQmNtbG51SlZTZw?oc=5,The Motley Fool,2025-03-02 12:00:00,AMZN,https://www.fool.com/investing/2025/03/02/is-amazon-a-buy-sell-or-hold-in-2025/,0.26152222365093664,Positive
Analysts Remain Bullish on Amazon (AMZN) Stock Despite Recent Pullback - TipRanks,https://news.google.com/rss/articles/CBMinwFBVV95cUxOdGhuSFU0d0FpZGZwZ1VCTFlfSjNrNS1leXlOUnoydllZQ2piS1RRZG5hc1otSzhtdWRqQ3BrUk53UDdZYmVEb3k1cy1hREthUWRjdTRQaDUyaU9lOWxjbnl2V0lkVVlDVXc4N1k0WlR0YUR6R2pUdjl6WUpTRWlZN09fVjMyV3hkd3ltQkVCMExGODNxWGhSaHZmMzNZN1k?oc=5,TipRanks,2025-03-03 12:12:03,AMZN,https://www.tipranks.com/news/analysts-remain-bullish-on-amazon-amzn-stock-despite-recent-pullback,0.09917929292929294,Positive
Amazon One introduced at NYU Langone Health facilities to improve check-in for its millions of patients - About Amazon,https://news.google.com/rss/articles/CBMilAFBVV95cUxOcmZCMjRGUVRNQV9RU0JFMVVRek93TDlnR0J1dmhpdzRYMDlwMzYxTGRlcnVuRElyTUFiWVREQlRjUjNzVzMtWEZ3U0ctc21WYVY4YjlmaXpzNVNEZE82SjF5UU1xYWxabzVXLUs1NFl1OFdUT2FnZml6U0VvVmVkWGZzaDktQ0Zoek5iaVZSbTQ4NUZH?oc=5,About Amazon,2025-03-03 13:05:55,AMZN,chrome-error://chromewebdata/,N/A,Unknown
Amazon unveils AI scheme to tackle flood risks in Spain's Aragon - Reuters,https://news.google.com/rss/articles/CBMixwFBVV95cUxPOHBmRmNZNjNibl9LQnUtQlZyc0RmWUczalhzU3VjbnJ5LUNSZVBqRWRLazA5Z054LWFFMU1HZW5HbWhzOGV1WjVMR1VPYkU0LW1Fa2NEaWNCMmJCYi0wc1RVUHJDU20xd2M0R01XbnlUZ0Vyc05MckNQc0c0dTRmdG9PYnFvdFduYlFOaFBrOTlOZ0FyWVRRVEhNZFg4eDRvMnJFZm1EcVY5MVRGNXJuQUNRV2ZYQUtwamlSdjRQeU1mbEJWdTFj?oc=5,Reuters,2025-03-03 10:18:50,AMZN,chrome-error://chromewebdata/,N/A,Unknown
"Canadians Shun Amazon in Consumer Protest Against US, Poll Finds - Bloomberg",https://news.google.com/rss/articles/CBMitAFBVV95cUxNTTBQZlN1Z3Q1R3hTeDFYZnh2ZW5nY21BOHZtVTRpbnVLQ2JyTDAtMWV1STdkdzF2YzUxdlBOel92TmZnTWRTNTRtazVwOVRKVVNlZTBaeUVWWXNITlhBVHYxYmxqd1RFbzBOTTh4OTRWRngyeDd5OERGVTkzWjZZcG1LbVZNUjVIczdWb29ZUnRBZ3JQSWFIZFNUNUhlOTBaVjNyZ3FxTEJwUW9nMFFNa0hwVWM?oc=5,Bloomberg,2025-03-03 09:00:00,AMZN,https://www.bloomberg.com/news/articles/2025-03-03/canadians-shun-amazon-in-consumer-protest-against-us-poll-finds,0.04555555555555556,Positive
The Amazon: Why Our Journey Through The World’s Living Pharmacy Matters To You - Forbes,https://news.google.com/rss/articles/CBMixgFBVV95cUxPRF9icmx1cnl6ZmFNbHhWRnI0OHlBai15WUc5Q3k0aHpTd2hyWXM0aHZ5dEltTVBlZFZMOVhMZ2lCWlh3dU5ocVBXWkh5Xzl5Yk51d3FpcDUtQ09VVHNjQmVMSjNKVk9MZEgyUDRyOWdUTGdLR0k2bjlmOU5CQVU3cjZiN002TXJQaHhvWXRYUVpZZkNRT2VuMkgwSWIxeEZDREplal92Z0h0OVM5RVVEUXVvcmtITGNKOXRsalRLamNEZHIzQXc?oc=5,Forbes,2025-03-03 06:00:00,AMZN,https://www.forbes.com/sites/billfrist/2025/03/03/the-amazon-why-our-journey-through-the-worlds-living-pharmacy-matters-to-you/,0.11021387342815914,Positive
Magnificent Seven Stocks To Buy And Watch - Investor's Business Daily,https://news.google.com/rss/articles/CBMie0FVX3lxTE1JTEVTRHFIeWtyWEw0Njh0bmczUWJYX05jaUJLRlZ5UXlka0pyQl9GcUNwVmRqQXhmOXE0YUZNcGJuZXV5ZlFTZ1UxQUpOd3p6VUxwZEhFaVdSZFVEU1huSVBsTFo5aVVOM0JZS1Nqc3U4SGoxM3lUUGNDYw?oc=5,Investor's Business Daily,2025-03-03 14:55:00,AMZN,https://www.investors.com/research/magnificent-seven-stocks-march-2025/,N/A,Unknown
Amazon's buzzing delivery drones drove a town to fight back - Quartz,https://news.google.com/rss/articles/CBMihgFBVV95cUxNVXJkemZOQkZObVIySDlFVXd2WnIwakNGeFUwNFl0Y2F3bl9kY0NPSDZua0ZVZ0ZWb0lURDVGR3NRcXdKYkVqU0pWbEZqVF9vTUtCeFB0LTNBaXduQ2Y3UldPdjNfYk5ib2V5SmU1Q09qSUxWVzBOQndOamVtZHZLNXA2bUVZZw?oc=5,Quartz,2025-03-03 19:46:00,AMZN,https://qz.com/amazon-prime-air-delivery-drone-college-station-texas-1851767405,0.08714114832535884,Positive
"Amazon.com, Inc. (AMZN): Among the Best Stocks to Buy According to Lone Pine Capital - Yahoo Finance",https://news.google.com/rss/articles/CBMie0FVX3lxTFBtTk9PS2ZkQkxDX09mbTJwZ2ZTNi1kYWFGMGUzRTBRdnNLMWpWYTZud2hjTm01eXlUN2JDTVc4ZTBadTdqemJCWnk4ck5SRDVKNVRualhtOHN4ZVJpT3djVDFxSURtWGNYbFc1aXVpeGxPTDZyTFdQckJ1QQ?oc=5,Yahoo Finance,2025-03-02 22:33:00,AMZN,https://finance.yahoo.com/news/amazon-com-inc-amzn-among-223300892.html,0.11286837765409191,Positive
Amazon And Google Backed AI Firm Anthropic Secures $3.5 Billion At $61.5 Billion Valuation - Benzinga,https://news.google.com/rss/articles/CBMitwJBVV95cUxObHBxSTdlbHBOY1VDR0YyZURQcE1QN3pQNzgwNGRydUN5ZFlsMFR6cWJ0YUFFb3dJclNQS181WHZfLU8xVXlkd1ptZmRQODdta2pHb01YRkh2N0NrNjBMSnNlRTAxbUlWcDN3em96U0lPNXpwdjE0Y1dhRzlKaHlkbGlXNGdBVnM0SEJaTTBQbjgyT2RYN3VhSXNJR1o4cXNhWFVPUlV4d1VXNklRUzVSM3ZoUmpJby1JN0RlSFItVTBBTVFwWkhZYkdNVWZXeWNYWHVqcURHb2ZySDFvQkxzNVo2dHJzMWJlYmh6NV9HcE44eGs2S1I2elFPd3JTVFUwLUhISzFjcmJpZmduU2haazhkMmxUd2k1WWFTajVxQjRzbldKX3RqXzA3akF2dEJpNWV3OFRCbw?oc=5,Benzinga,2025-03-04 01:36:19,AMZN,https://www.benzinga.com/tech/25/03/44099466/bitcoin-ethereum-dogecoin-nosedive-as-trumps-tariff-moves-wipe-out-crypto-reserve-fueled-gains-analyst-says-breaking-through-this-barrier-will-help-btc-touch-new-highs,0.09712752525252526,Positive
Amazon (NASDAQ:AMZN) Makes New Move in Healthcare - TipRanks,https://news.google.com/rss/articles/CBMiggFBVV95cUxQNG1STjBUZUxmaS1QNVhxaXNDczA3Y2wyaHRPY1k5VUNpNjM0N0k4bTBYT2Z4RUNaZ0hfU2EyTVkwSXozcXJldk94OTBseWJPMUp5b1hET3g3djFHeVc4MHJYZUpPLTRxUldld3g2Zjh3eEJvNGtDMTh3RGtTSFQ5TEVB?oc=5,TipRanks,2025-03-03 18:33:59,AMZN,https://www.tipranks.com/news/amazon-nasdaqamzn-makes-new-move-in-healthcare,0.12656093906093907,Positive
Oscars host Conan O’Brien delivers jokes about Amazon and Jeff Bezos - GeekWire,https://news.google.com/rss/articles/CBMinwFBVV95cUxQLURmR0JqdTFYbkloV1M1eGF6Mk5KUlZXOVJhV25CdkVLaWdSUWtWRGdfbnlTZ2J0VmN1eWt3Q1FocldsRzJaVW5oZzZDRGRRUWxzYlFIamYtWDIzMEk3Y2FOaUM5Y1Q0X0EtOEtISmh3WGpCN3dSOHE4VUdHaU1YTkk1djBMOEZBWHoxVWRLdEFQZnNPVGkzaXlTTlJQM0k?oc=5,GeekWire,2025-03-03 16:26:25,AMZN,https://www.geekwire.com/2025/oscars-host-conan-obrien-delivers-jokes-about-amazon-and-jeff-bezos/,N/A,Unknown
"Amazon Is Working On A New 'Reasoning' AI Model - Business Insider -March 04, 2025 at 05:16 am EST - Marketscreener.com",https://news.google.com/rss/articles/CBMi3AFBVV95cUxOLVZIdmd3YklyMFJxTHlrVXN1amZhMlgxOTkySGt0UEJQcjlIRXB1N190aEU0blhtZjFZWGxaTmJrOFZoWVRVRUZCRXpON1lJWHc2bkF3aFZtbjkzY2Z3Sl9GWjRMVWU1RXY2TmVWT3NGc2VWUUNWT1ItLVlYdlNNMzZhNGxyQU1qdl9rLUJ1cUFncGxjaUw1RzkyeUViS3dTbUI4dFNuODJOajdYMnNoMmdhTXBYYzZmVk9PWWF4ZlR1VGN5cDhjQlpRQTNlQ1lOSmNOMUNlRWVsTmpN?oc=5,Marketscreener.com,2025-03-04 10:16:11,AMZN,https://www.marketscreener.com/quote/stock/AMAZON-COM-INC-12864605/news/Amazon-Is-Working-On-A-New-Reasoning-AI-Model-Business-Insider-49228459/,0.16666666666666669,Positive
Amazon to bring palm-scanning tech to NYU Langone Health facilities - CNBC,https://news.google.com/rss/articles/CBMipwFBVV95cUxQamw5c0xZeXUzQ1lXNzBDMWpDeG5QSEZuQlc0TFNnSnZ3Vnd0OWF4bkdoVzFSQmNtbFg3YWdrd2ZTQXVVWVU1dWJkRGlDcnBuN2t3aU5OTkFYR3h5dlBsMUVEZmVESGdETFRXdFV0bzJscEd0Q2RFZk92SzkzLUw2S0gtZG4zWVRTdThTVW9jQ08tR1RMMDZVZWxxQUpPU2FFV09yem5URdIBrAFBVV95cUxPeFZSVjB4QmxJbGJnVHp3MEd3LXY5THF3Z3hYRzUyU3BKWUppV0dTd0dmQlhCWmQyRnMyQ1R1TXVFWlFGdG9fbWRhSUNwOGpWVzVGVUJ6eHpIM0RYZnVLbkpqeGtzbWVnREFpS0NRTmVHVW5nWWVqNEdGVFVtM0VNNEJubnVWcWFlb0NUOGdldmRLWGxEZG85T0Ixa2xXZFZua0VaZlhiMGhXekwz?oc=5,CNBC,2025-03-03 13:00:01,AMZN,https://www.cnbc.com/2025/03/03/amazon-to-bring-palm-scanning-tech-amazon-one-to-nyu-langone-health.html,0.4755586557539682,Positive
"Amazon Stocks, Kroeger Drop After McMullen’s Exit – Is AMZN a Buy? - FX Leaders",https://news.google.com/rss/articles/CBMipwFBVV95cUxNUGFlNzd2Z04xRzVSSThPT3FOZUlONnJMV1VrQjJud0pYbDBXQkxxNWQ2UTE3TktqcEpYT2xGZkU0UEhVcE5PaUtRUFhRWGU5LVZqZWVSdXM0MzlKby1YTjNvM2RpbjRUSWlxNEFRcFlId19CUDc1NUFuUXBuc0VqSmZPbE9nY2JNZFgyd1NMOGFSQ0k1d2pZR25mR1ozY3FDQ3BROTNfOA?oc=5,FX Leaders,2025-03-03 17:51:19,AMZN,https://www.fxleaders.com/news/2025/03/03/amazon-stocks-kroeger-drop-after-mcmullens-exit-is-amzn-a-buy/,0.0696912504839334,Positive
"Amazon.com, Inc. (AMZN): Alexa+ AI Expansion Signals Strong Growth Potential - Insider Monkey",https://news.google.com/rss/articles/CBMitAFBVV95cUxOdVRabTFmcHVlX1VWa3UxQXNBRUtNckNXUTFWcEdVTEh6MXBpMWVaN0xhdS13WnBrSlhvZlFFTGNHTGotWDdqaXAwUHV4UDBxb3NuV3hoNHVTY2dmanp4WllUT0dPVzRBb3RrSng4bWdmVkpqM1ZYZkxyUmM0TmdYcklieWZaSWlXdmR6b19QR0wxMXF5azRRb0Z0YXZfeExvWDFiWE9CQURQS0x2eDFrWURCc3DSAbwBQVVfeXFMTUZzVFJxVGl5ZzNtZkxNOEl3d0VicVQtWF93N2hFZXcxVDd2RU1mWXVqTW1vX1R1cnFqZHQ1RGhuMU1Kd3VmUjdIUTcyOFRiTWQ0VUx1WFIwVFdwMTVYM2luV19rWGFzd194N3Q4bzNZbkZYTHEwU09XZ1VEUUs2bVhIc1lFN21uZXNydl9CYWRfNEwtYnc2b1NkemhQbHhuZm11bU56VF9hX01HcVF4Q3VobVdRMnFrNG1aUjA?oc=5,Insider Monkey,2025-03-03 15:58:47,AMZN,https://www.insidermonkey.com/blog/amazon-com-inc-amzn-alexa-ai-expansion-signals-strong-growth-potential-1470239/,0.10055653258778259,Positive
"Amazon is selling 'very comfortable' $70 Asics running shoes for $44, and buyers say they're 'worth the money' - TheStreet",https://news.google.com/rss/articles/CBMigwFBVV95cUxORVIxekJRcU96ODA5dlFIa1djYnFNNTY3bkxSVFZ6YjF2V3l0N2h5c1EzZTJ2NDVqLUM0aG9NNy13Z0FxWW11TzA4VmlESmxhSHdhdDZ4ZFY5OFZZbm4yWFJfeEhZRXhhVFBBUTBWX2NYWTg1SUdtMWpVWnZXTjVFZXdwMA?oc=5,TheStreet,2025-03-04 15:45:00,AMZN,https://www.thestreet.com/deals/asics-gel-contend-8-running-shoes-amazon-sale,N/A,Unknown
Amazon secures 870MW solar and wind PPAs in Spain - PV Tech,https://news.google.com/rss/articles/CBMif0FVX3lxTFBTbEZMbDN2SDc5MWpSdmVjdHBSa1RMVWtVOU9HcTVlWHNicS00clBsOUpWY3R3TVFYNmNnRHFmLVdEQktabktCMXB6ZzJxWDU0aEdQS2MwNjd6SU91RzExN1kxZTRnRTdfQUdKVjJHQ19HLUV2N0lEeWNVOEtzSEk?oc=5,PV Tech,2025-03-03 10:42:37,AMZN,https://www.pv-tech.org/amazon-secures-870mw-solar-and-wind-ppas-in-spain/,0.08037634408602153,Positive
Amazon gets early start on Easter promotion - Chain Store Age,https://news.google.com/rss/articles/CBMidEFVX3lxTFBOcm03Z21UR0h2SmFRallHeHJxVF9VRHJyekNjVGJib3BEblVaSDk5Uk83Y0xIaE5EVGlSLS1aYUEtcXVKeU56aFdjWlVTa0M4dWhQRFhhbVczdnZab0VWQ3ExZ0Y1MFI0REN3dk91U0oyNk5f?oc=5,Chain Store Age,2025-03-03 20:19:54,AMZN,https://chainstoreage.com/amazon-gets-early-start-easter-promotion,0.08113455988455988,Positive
"No part of Amazon is ‘unaffected’ by AI, says its head of AGI - TechCrunch",https://news.google.com/rss/articles/CBMimAFBVV95cUxNbFZfZ3NPOGNENmlPU2xjTUdOZHZfXzVBN3RrNS1GdVdtckVXMnNyaUdLMXpZSzNWYndlUW1KdnFvVXluLXBHZFdiWUxRZ2tUdWVvTzItb05qd3VXZExLNWZQQXhtek02TjJRY092NWxIck9hMjltSEZxUDV0VGdFNUdCTlFkZTdOVVZCQkpJLTZaRXlfOVNBMw?oc=5,TechCrunch,2025-03-03 17:34:47,AMZN,https://techcrunch.com/2025/03/03/no-part-of-amazon-is-unaffected-by-ai-says-its-head-of-agi/,0.1459585042150832,Positive
Grab These Small but Impactful Safety Devices on Amazon Before Traveling This Spring - Real Simple,https://news.google.com/rss/articles/CBMifkFVX3lxTFA0S25fdHo5OFdSVGxLOTJnQWp2Q3dzOWt2ckVjVnd4LU1veVZqZ08walQ4S1pCUXVCR3BYT0RsSjlBOHFfc3NLWUlGYUl6UFVFZXdsc2hCcXFMdDRUTHN4M0lsS3RjeE4zVDA3TU43TUIzQlBsSUZCZ0EzSHVCUQ?oc=5,Real Simple,2025-03-03 21:00:00,AMZN,https://www.realsimple.com/amazon-safety-devices-for-travel-2025-11689844,0.2541943241943242,Positive
Amazon loses fight to exempt data center from energy regulation - The Washington Post,https://news.google.com/rss/articles/CBMiogFBVV95cUxQaGwwdzZ6UUxtNk1ad08xcFYwbzhhUlpOMVdqbHQtVGhmM0tGWmJPdGdMZXJxMFNGRWpCZmdsbHFBTTNjVUU3RmhVN052R3Rzb0YxcVBuTkYwb2ExNTlqT0VQcEZiU1A0QmdBdnJIMDkwaXJNcDlfSzZhTkM4bW51THlqTkoxb3plenZjUWg4RGhaLVBWQ3FxczBIVmdxdVQ0Ync?oc=5,The Washington Post,2025-03-01 19:35:00,AMZN,chrome-error://chromewebdata/,N/A,Unknown
Is an Amazon Prime membership worth it? Here's what you need to know - USA TODAY,https://news.google.com/rss/articles/CBMimwFBVV95cUxPRmNocnJpR2kyMDdWdklXSW1HYXF6RGhHUUhiblRnNFJLZzlLcmllSHFlWE1ic01RUmRadEFKQVk0XzYwVVFIQzBoRlBJV0RnLVFDYUlvbURRZ2ItT1pfSzVESEpCUlJFVldWMjdnc3c5TXVxeldMdUpVTEVSaDVia2dmSHZtdTJrX2R1RGFraWI4M2RUYjJCSXlFQQ?oc=5,USA TODAY,2025-03-02 17:06:34,AMZN,https://www.usatoday.com/story/shopping/2025/03/02/sign-up-amazon-prime-membership/81061986007/,0.2891372912801485,Positive
Amazon spring sale 2025: What to expect this year - The Telegraph,https://news.google.com/rss/articles/CBMigAFBVV95cUxPZ01uckpJbXBRTW94VGVWdFQ1R0tiNGwtWC1RellSOGRFS0tCYXZodUl0N2RMUnZmcTl0TGNfYkxESG9hSDlTbHFFN2swRFZLSy10TFUxaU8yZGRoWFJWaEg5Mnp4TERhMzVWTTd6SGVndVdQUUdOeW1ZOTVHd3BZOA?oc=5,The Telegraph,2025-03-04 11:53:00,AMZN,https://www.telegraph.co.uk/recommended/amazon-spring-sale-best-deals-2025/,N/A,Unknown
Amazon’s Delivery Drones Are Grounded. The Birds and Dogs of This Texas Town Are Grateful - WIRED,https://news.google.com/rss/articles/CBMibEFVX3lxTFBlanFDVUQ5NWZFcFN1RjFOdi1vbllZSzdVWXhIOWpDSzJnc2VGRFFWZFZta1NQVkZDN25EUU0yMFBiMzVKOEJPZjZoUXN0YnYyU1c4djlIakttRFEwWHdSN3pydWd4REczelY3Tg?oc=5,WIRED,2025-03-03 12:00:00,AMZN,https://www.wired.com/story/texas-amazon-drones-stop-flying/,0.06695753514615792,Positive
"Amazon Takes Up to $100 Off M4 Mac Mini, Available From $529 - MacRumors",https://news.google.com/rss/articles/CBMickFVX3lxTE5GQjdlUEVLUEJoN2xodmNoRU5vOXRxYnQxanF2S2dxZnBuWjc3c0NkZ0xBME03VFFhNFEzU3k1V0tDQzV3NEJiYmhqS1BLdEF3Mnl3U3RpenppT2g5c212cFB0aWdtd2QwTTA1NDV5c1FLQQ?oc=5,MacRumors,2025-03-04 14:56:43,AMZN,https://www.macrumors.com/2025/03/04/amazon-100-off-m4-mac-mini/,0.09671356421356421,Positive
